"trainer/global_step","exp_lora - losses/train_loss_total","exp_lora - losses/train_loss_total__MIN","exp_lora - losses/train_loss_total__MAX","exp_lora - _step","exp_lora - _step__MIN","exp_lora - _step__MAX","exp_blocks_8_11 - losses/train_loss_total","exp_blocks_8_11 - losses/train_loss_total__MIN","exp_blocks_8_11 - losses/train_loss_total__MAX","exp_blocks_8_11 - _step","exp_blocks_8_11 - _step__MIN","exp_blocks_8_11 - _step__MAX","exp_head_only - losses/train_loss_total","exp_head_only - losses/train_loss_total__MIN","exp_head_only - losses/train_loss_total__MAX","exp_head_only - _step","exp_head_only - _step__MIN","exp_head_only - _step__MAX"
"49","37.185333251953125","37.185333251953125","37.185333251953125","4","4","4","36.43841552734375","36.43841552734375","36.43841552734375","4","4","4","33.51551055908203","33.51551055908203","33.51551055908203","4","4","4"
"99","31.769784927368164","31.769784927368164","31.769784927368164","5","5","5","32.913368225097656","32.913368225097656","32.913368225097656","5","5","5","30.92426300048828","30.92426300048828","30.92426300048828","5","5","5"
"149","28.334794998168945","28.334794998168945","28.334794998168945","6","6","6","26.048803329467773","26.048803329467773","26.048803329467773","6","6","6","23.782154083251953","23.782154083251953","23.782154083251953","6","6","6"
"199","23.7402286529541","23.7402286529541","23.7402286529541","7","7","7","26.21314239501953","26.21314239501953","26.21314239501953","7","7","7","21.312108993530273","21.312108993530273","21.312108993530273","7","7","7"
"249","23.529666900634766","23.529666900634766","23.529666900634766","8","8","8","21.325416564941406","21.325416564941406","21.325416564941406","8","8","8","21.261247634887695","21.261247634887695","21.261247634887695","8","8","8"
"299","17.75736427307129","17.75736427307129","17.75736427307129","9","9","9","17.508285522460938","17.508285522460938","17.508285522460938","9","9","9","22.295757293701172","22.295757293701172","22.295757293701172","9","9","9"
"349","18.794240951538086","18.794240951538086","18.794240951538086","10","10","10","19.138315200805664","19.138315200805664","19.138315200805664","10","10","10","18.95536231994629","18.95536231994629","18.95536231994629","10","10","10"
"399","14.210548400878906","14.210548400878906","14.210548400878906","11","11","11","14.293842315673828","14.293842315673828","14.293842315673828","11","11","11","16.140766143798828","16.140766143798828","16.140766143798828","11","11","11"
"449","18.28931427001953","18.28931427001953","18.28931427001953","12","12","12","16.875320434570312","16.875320434570312","16.875320434570312","12","12","12","9.840141296386719","9.840141296386719","9.840141296386719","12","12","12"
"499","17.58332061767578","17.58332061767578","17.58332061767578","13","13","13","16.72002410888672","16.72002410888672","16.72002410888672","13","13","13","9.721964836120605","9.721964836120605","9.721964836120605","13","13","13"
"549","16.053064346313477","16.053064346313477","16.053064346313477","14","14","14","13.641100883483887","13.641100883483887","13.641100883483887","14","14","14","21.51596450805664","21.51596450805664","21.51596450805664","14","14","14"
"599","10.047028541564941","10.047028541564941","10.047028541564941","15","15","15","14.93175983428955","14.93175983428955","14.93175983428955","15","15","15","14.896658897399902","14.896658897399902","14.896658897399902","15","15","15"
"649","13.23896312713623","13.23896312713623","13.23896312713623","16","16","16","11.750801086425781","11.750801086425781","11.750801086425781","16","16","16","11.324973106384277","11.324973106384277","11.324973106384277","16","16","16"
"699","12.901009559631348","12.901009559631348","12.901009559631348","17","17","17","15.55749225616455","15.55749225616455","15.55749225616455","17","17","17","10.8726167678833","10.8726167678833","10.8726167678833","17","17","17"
"749","13.66899299621582","13.66899299621582","13.66899299621582","18","18","18","14.688226699829102","14.688226699829102","14.688226699829102","18","18","18","9.621899604797363","9.621899604797363","9.621899604797363","18","18","18"
"799","11.254744529724121","11.254744529724121","11.254744529724121","19","19","19","8.634572982788086","8.634572982788086","8.634572982788086","19","19","19","13.270658493041992","13.270658493041992","13.270658493041992","19","19","19"
"849","7.812473297119141","7.812473297119141","7.812473297119141","20","20","20","11.240837097167969","11.240837097167969","11.240837097167969","20","20","20","11.531965255737305","11.531965255737305","11.531965255737305","20","20","20"
"899","12.271800994873047","12.271800994873047","12.271800994873047","21","21","21","10.386549949645996","10.386549949645996","10.386549949645996","21","21","21","10.956425666809082","10.956425666809082","10.956425666809082","21","21","21"
"949","8.901517868041992","8.901517868041992","8.901517868041992","22","22","22","12.407618522644043","12.407618522644043","12.407618522644043","22","22","22","10.88545036315918","10.88545036315918","10.88545036315918","22","22","22"
"999","12.188223838806152","12.188223838806152","12.188223838806152","23","23","23","11.237733840942383","11.237733840942383","11.237733840942383","23","23","23","12.10925006866455","12.10925006866455","12.10925006866455","23","23","23"
"1049","10.4439058303833","10.4439058303833","10.4439058303833","24","24","24","10.843101501464844","10.843101501464844","10.843101501464844","24","24","24","15.460674285888672","15.460674285888672","15.460674285888672","24","24","24"
"1099","11.1780366897583","11.1780366897583","11.1780366897583","25","25","25","14.479348182678223","14.479348182678223","14.479348182678223","25","25","25","8.759071350097656","8.759071350097656","8.759071350097656","25","25","25"
"1149","8.073224067687988","8.073224067687988","8.073224067687988","26","26","26","16.582990646362305","16.582990646362305","16.582990646362305","26","26","26","14.08123779296875","14.08123779296875","14.08123779296875","26","26","26"
"1199","12.809147834777832","12.809147834777832","12.809147834777832","27","27","27","9.932157516479492","9.932157516479492","9.932157516479492","27","27","27","12.794833183288574","12.794833183288574","12.794833183288574","27","27","27"
"1249","10.908449172973633","10.908449172973633","10.908449172973633","28","28","28","9.940266609191895","9.940266609191895","9.940266609191895","28","28","28","13.636457443237305","13.636457443237305","13.636457443237305","28","28","28"
"1299","15.548666954040527","15.548666954040527","15.548666954040527","29","29","29","9.32469367980957","9.32469367980957","9.32469367980957","29","29","29","12.391014099121094","12.391014099121094","12.391014099121094","29","29","29"
"1349","6.0260443687438965","6.0260443687438965","6.0260443687438965","30","30","30","9.263221740722656","9.263221740722656","9.263221740722656","30","30","30","12.069953918457031","12.069953918457031","12.069953918457031","30","30","30"
"1399","9.135040283203125","9.135040283203125","9.135040283203125","31","31","31","8.299922943115234","8.299922943115234","8.299922943115234","31","31","31","10.226418495178223","10.226418495178223","10.226418495178223","31","31","31"
"1449","12.913348197937012","12.913348197937012","12.913348197937012","32","32","32","7.916942119598389","7.916942119598389","7.916942119598389","32","32","32","10.0405855178833","10.0405855178833","10.0405855178833","32","32","32"
"1499","11.621898651123047","11.621898651123047","11.621898651123047","33","33","33","12.84083366394043","12.84083366394043","12.84083366394043","33","33","33","15.571017265319824","15.571017265319824","15.571017265319824","33","33","33"
"1549","11.347757339477539","11.347757339477539","11.347757339477539","34","34","34","10.686935424804688","10.686935424804688","10.686935424804688","34","34","34","6.820653438568115","6.820653438568115","6.820653438568115","34","34","34"
"1599","10.05240535736084","10.05240535736084","10.05240535736084","35","35","35","9.359774589538574","9.359774589538574","9.359774589538574","35","35","35","11.852616310119629","11.852616310119629","11.852616310119629","35","35","35"
"1649","7.794459819793701","7.794459819793701","7.794459819793701","36","36","36","9.172232627868652","9.172232627868652","9.172232627868652","36","36","36","12.17699146270752","12.17699146270752","12.17699146270752","36","36","36"
"1699","8.903244972229004","8.903244972229004","8.903244972229004","37","37","37","6.221670150756836","6.221670150756836","6.221670150756836","37","37","37","10.045835494995117","10.045835494995117","10.045835494995117","37","37","37"
"1749","6.867642402648926","6.867642402648926","6.867642402648926","38","38","38","9.430737495422363","9.430737495422363","9.430737495422363","38","38","38","8.210334777832031","8.210334777832031","8.210334777832031","38","38","38"
"1799","10.913309097290039","10.913309097290039","10.913309097290039","39","39","39","12.375791549682617","12.375791549682617","12.375791549682617","39","39","39","12.397744178771973","12.397744178771973","12.397744178771973","39","39","39"
"1849","5.600881576538086","5.600881576538086","5.600881576538086","40","40","40","12.754921913146973","12.754921913146973","12.754921913146973","40","40","40","10.272998809814453","10.272998809814453","10.272998809814453","40","40","40"
"1899","11.396965980529785","11.396965980529785","11.396965980529785","41","41","41","11.941715240478516","11.941715240478516","11.941715240478516","41","41","41","11.343464851379395","11.343464851379395","11.343464851379395","41","41","41"
"1949","8.170781135559082","8.170781135559082","8.170781135559082","42","42","42","8.53950309753418","8.53950309753418","8.53950309753418","42","42","42","11.073836326599121","11.073836326599121","11.073836326599121","42","42","42"
"1999","8.757756233215332","8.757756233215332","8.757756233215332","43","43","43","10.759573936462402","10.759573936462402","10.759573936462402","43","43","43","10.802560806274414","10.802560806274414","10.802560806274414","43","43","43"
"2049","10.535338401794434","10.535338401794434","10.535338401794434","44","44","44","9.266551971435547","9.266551971435547","9.266551971435547","44","44","44","6.1028618812561035","6.1028618812561035","6.1028618812561035","44","44","44"
"2099","6.140911102294922","6.140911102294922","6.140911102294922","45","45","45","10.320459365844727","10.320459365844727","10.320459365844727","45","45","45","8.6558837890625","8.6558837890625","8.6558837890625","45","45","45"
"2149","7.527235984802246","7.527235984802246","7.527235984802246","46","46","46","7.348484039306641","7.348484039306641","7.348484039306641","46","46","46","8.866331100463867","8.866331100463867","8.866331100463867","46","46","46"
"2199","10.279986381530762","10.279986381530762","10.279986381530762","47","47","47","6.28090763092041","6.28090763092041","6.28090763092041","47","47","47","9.72492504119873","9.72492504119873","9.72492504119873","47","47","47"
"2249","9.930830001831055","9.930830001831055","9.930830001831055","48","48","48","11.21549129486084","11.21549129486084","11.21549129486084","48","48","48","8.650936126708984","8.650936126708984","8.650936126708984","48","48","48"
"2299","5.7352118492126465","5.7352118492126465","5.7352118492126465","49","49","49","5.41539192199707","5.41539192199707","5.41539192199707","49","49","49","11.643778800964355","11.643778800964355","11.643778800964355","49","49","49"
"2349","9.588200569152832","9.588200569152832","9.588200569152832","50","50","50","6.980268478393555","6.980268478393555","6.980268478393555","50","50","50","7.927891731262207","7.927891731262207","7.927891731262207","50","50","50"
"2399","8.224406242370605","8.224406242370605","8.224406242370605","51","51","51","7.46286153793335","7.46286153793335","7.46286153793335","51","51","51","7.9866943359375","7.9866943359375","7.9866943359375","51","51","51"
"2449","10.704560279846191","10.704560279846191","10.704560279846191","52","52","52","9.825057029724121","9.825057029724121","9.825057029724121","52","52","52","15.444557189941406","15.444557189941406","15.444557189941406","52","52","52"
"2499","13.85412883758545","13.85412883758545","13.85412883758545","53","53","53","6.8881025314331055","6.8881025314331055","6.8881025314331055","53","53","53","8.355208396911621","8.355208396911621","8.355208396911621","53","53","53"
"2549","8.885676383972168","8.885676383972168","8.885676383972168","54","54","54","9.85922622680664","9.85922622680664","9.85922622680664","54","54","54","13.57762336730957","13.57762336730957","13.57762336730957","54","54","54"
"2599","10.586081504821777","10.586081504821777","10.586081504821777","55","55","55","10.513025283813477","10.513025283813477","10.513025283813477","55","55","55","10.948078155517578","10.948078155517578","10.948078155517578","55","55","55"
"2649","8.027714729309082","8.027714729309082","8.027714729309082","56","56","56","12.023101806640625","12.023101806640625","12.023101806640625","56","56","56","10.651654243469238","10.651654243469238","10.651654243469238","56","56","56"
"2699","11.738107681274414","11.738107681274414","11.738107681274414","57","57","57","9.070978164672852","9.070978164672852","9.070978164672852","57","57","57","9.76858139038086","9.76858139038086","9.76858139038086","57","57","57"
"2749","9.392339706420898","9.392339706420898","9.392339706420898","58","58","58","8.635963439941406","8.635963439941406","8.635963439941406","58","58","58","12.943449974060059","12.943449974060059","12.943449974060059","58","58","58"
"2799","6.969166278839111","6.969166278839111","6.969166278839111","59","59","59","6.20375394821167","6.20375394821167","6.20375394821167","59","59","59","9.750083923339844","9.750083923339844","9.750083923339844","59","59","59"
"2849","10.219830513000488","10.219830513000488","10.219830513000488","60","60","60","7.268829345703125","7.268829345703125","7.268829345703125","60","60","60","6.816272735595703","6.816272735595703","6.816272735595703","60","60","60"
"2899","5.529078006744385","5.529078006744385","5.529078006744385","61","61","61","8.134194374084473","8.134194374084473","8.134194374084473","61","61","61","9.728976249694824","9.728976249694824","9.728976249694824","61","61","61"
"2949","8.738794326782227","8.738794326782227","8.738794326782227","62","62","62","10.39039134979248","10.39039134979248","10.39039134979248","62","62","62","6.865382671356201","6.865382671356201","6.865382671356201","62","62","62"
"2999","4.3375725746154785","4.3375725746154785","4.3375725746154785","68","68","68","10.848968505859375","10.848968505859375","10.848968505859375","68","68","68","6.921705722808838","6.921705722808838","6.921705722808838","68","68","68"
"3049","9.23875904083252","9.23875904083252","9.23875904083252","69","69","69","4.747054576873779","4.747054576873779","4.747054576873779","69","69","69","10.994510650634766","10.994510650634766","10.994510650634766","69","69","69"
"3099","10.191072463989258","10.191072463989258","10.191072463989258","70","70","70","12.832157135009766","12.832157135009766","12.832157135009766","70","70","70","12.695305824279785","12.695305824279785","12.695305824279785","70","70","70"
"3149","13.923548698425293","13.923548698425293","13.923548698425293","71","71","71","13.169480323791504","13.169480323791504","13.169480323791504","71","71","71","9.370853424072266","9.370853424072266","9.370853424072266","71","71","71"
"3199","9.491157531738281","9.491157531738281","9.491157531738281","72","72","72","10.361286163330078","10.361286163330078","10.361286163330078","72","72","72","9.71169662475586","9.71169662475586","9.71169662475586","72","72","72"
"3249","11.162823677062988","11.162823677062988","11.162823677062988","73","73","73","10.880294799804688","10.880294799804688","10.880294799804688","73","73","73","6.774040222167969","6.774040222167969","6.774040222167969","73","73","73"
"3299","8.211021423339844","8.211021423339844","8.211021423339844","74","74","74","9.513442039489746","9.513442039489746","9.513442039489746","74","74","74","9.837647438049316","9.837647438049316","9.837647438049316","74","74","74"
"3349","5.218392372131348","5.218392372131348","5.218392372131348","75","75","75","8.376821517944336","8.376821517944336","8.376821517944336","75","75","75","6.520023822784424","6.520023822784424","6.520023822784424","75","75","75"
"3399","11.15241527557373","11.15241527557373","11.15241527557373","76","76","76","10.959152221679688","10.959152221679688","10.959152221679688","76","76","76","7.761962413787842","7.761962413787842","7.761962413787842","76","76","76"
"3449","8.67937183380127","8.67937183380127","8.67937183380127","77","77","77","13.215779304504395","13.215779304504395","13.215779304504395","77","77","77","7.257181167602539","7.257181167602539","7.257181167602539","77","77","77"
"3499","6.254399299621582","6.254399299621582","6.254399299621582","78","78","78","10.914067268371582","10.914067268371582","10.914067268371582","78","78","78","8.87734317779541","8.87734317779541","8.87734317779541","78","78","78"
"3549","4.1474223136901855","4.1474223136901855","4.1474223136901855","79","79","79","8.84756851196289","8.84756851196289","8.84756851196289","79","79","79","6.620069980621338","6.620069980621338","6.620069980621338","79","79","79"
"3599","9.159728050231934","9.159728050231934","9.159728050231934","80","80","80","7.298537731170654","7.298537731170654","7.298537731170654","80","80","80","13.761833190917969","13.761833190917969","13.761833190917969","80","80","80"
"3649","5.502806663513184","5.502806663513184","5.502806663513184","81","81","81","9.30709457397461","9.30709457397461","9.30709457397461","81","81","81","6.948519706726074","6.948519706726074","6.948519706726074","81","81","81"
"3699","12.405098915100098","12.405098915100098","12.405098915100098","82","82","82","8.146790504455566","8.146790504455566","8.146790504455566","82","82","82","4.732320785522461","4.732320785522461","4.732320785522461","82","82","82"
"3749","7.9860429763793945","7.9860429763793945","7.9860429763793945","83","83","83","8.323820114135742","8.323820114135742","8.323820114135742","83","83","83","8.738068580627441","8.738068580627441","8.738068580627441","83","83","83"
"3799","7.180708408355713","7.180708408355713","7.180708408355713","84","84","84","5.289783000946045","5.289783000946045","5.289783000946045","84","84","84","8.59376335144043","8.59376335144043","8.59376335144043","84","84","84"
"3849","13.009632110595703","13.009632110595703","13.009632110595703","85","85","85","5.104282855987549","5.104282855987549","5.104282855987549","85","85","85","9.608674049377441","9.608674049377441","9.608674049377441","85","85","85"
"3899","9.456993103027344","9.456993103027344","9.456993103027344","86","86","86","9.692225456237793","9.692225456237793","9.692225456237793","86","86","86","10.157837867736816","10.157837867736816","10.157837867736816","86","86","86"
"3949","7.035670757293701","7.035670757293701","7.035670757293701","87","87","87","7.461789131164551","7.461789131164551","7.461789131164551","87","87","87","6.729644775390625","6.729644775390625","6.729644775390625","87","87","87"
"3999","8.756025314331055","8.756025314331055","8.756025314331055","88","88","88","12.612444877624512","12.612444877624512","12.612444877624512","88","88","88","9.24708080291748","9.24708080291748","9.24708080291748","88","88","88"
"4049","7.82577657699585","7.82577657699585","7.82577657699585","89","89","89","7.072702407836914","7.072702407836914","7.072702407836914","89","89","89","7.754091262817383","7.754091262817383","7.754091262817383","89","89","89"
"4099","3.76608943939209","3.76608943939209","3.76608943939209","90","90","90","8.581442832946777","8.581442832946777","8.581442832946777","90","90","90","7.047072410583496","7.047072410583496","7.047072410583496","90","90","90"
"4149","8.026412010192871","8.026412010192871","8.026412010192871","91","91","91","7.753838062286377","7.753838062286377","7.753838062286377","91","91","91","8.111000061035156","8.111000061035156","8.111000061035156","91","91","91"
"4199","6.161617755889893","6.161617755889893","6.161617755889893","92","92","92","8.6217041015625","8.6217041015625","8.6217041015625","92","92","92","12.10903549194336","12.10903549194336","12.10903549194336","92","92","92"
"4249","4.308110237121582","4.308110237121582","4.308110237121582","93","93","93","11.589508056640625","11.589508056640625","11.589508056640625","93","93","93","7.561047077178955","7.561047077178955","7.561047077178955","93","93","93"
"4299","8.751976013183594","8.751976013183594","8.751976013183594","94","94","94","6.684989929199219","6.684989929199219","6.684989929199219","94","94","94","8.525782585144043","8.525782585144043","8.525782585144043","94","94","94"
"4349","6.742910385131836","6.742910385131836","6.742910385131836","95","95","95","11.417747497558594","11.417747497558594","11.417747497558594","95","95","95","11.934593200683594","11.934593200683594","11.934593200683594","95","95","95"
"4399","9.321455955505371","9.321455955505371","9.321455955505371","96","96","96","8.412821769714355","8.412821769714355","8.412821769714355","96","96","96","11.629582405090332","11.629582405090332","11.629582405090332","96","96","96"
"4449","4.862713813781738","4.862713813781738","4.862713813781738","97","97","97","6.785086154937744","6.785086154937744","6.785086154937744","97","97","97","10.056488990783691","10.056488990783691","10.056488990783691","97","97","97"
"4499","10.706701278686523","10.706701278686523","10.706701278686523","98","98","98","7.093662738800049","7.093662738800049","7.093662738800049","98","98","98","9.685466766357422","9.685466766357422","9.685466766357422","98","98","98"
"4549","6.728123188018799","6.728123188018799","6.728123188018799","99","99","99","6.6174726486206055","6.6174726486206055","6.6174726486206055","99","99","99","9.687952995300293","9.687952995300293","9.687952995300293","99","99","99"
"4599","7.0879340171813965","7.0879340171813965","7.0879340171813965","100","100","100","9.0678071975708","9.0678071975708","9.0678071975708","100","100","100","9.263853073120117","9.263853073120117","9.263853073120117","100","100","100"
"4649","4.547819137573242","4.547819137573242","4.547819137573242","101","101","101","6.908053874969482","6.908053874969482","6.908053874969482","101","101","101","8.401073455810547","8.401073455810547","8.401073455810547","101","101","101"
"4699","9.313346862792969","9.313346862792969","9.313346862792969","102","102","102","11.062969207763672","11.062969207763672","11.062969207763672","102","102","102","13.236946105957031","13.236946105957031","13.236946105957031","102","102","102"
"4749","8.193702697753906","8.193702697753906","8.193702697753906","103","103","103","11.543763160705566","11.543763160705566","11.543763160705566","103","103","103","10.359861373901367","10.359861373901367","10.359861373901367","103","103","103"
"4799","10.188637733459473","10.188637733459473","10.188637733459473","104","104","104","5.989737510681152","5.989737510681152","5.989737510681152","104","104","104","13.57286262512207","13.57286262512207","13.57286262512207","104","104","104"
"4849","5.948376655578613","5.948376655578613","5.948376655578613","105","105","105","12.148465156555176","12.148465156555176","12.148465156555176","105","105","105","9.66478157043457","9.66478157043457","9.66478157043457","105","105","105"
"4899","8.365371704101562","8.365371704101562","8.365371704101562","106","106","106","7.760780334472656","7.760780334472656","7.760780334472656","106","106","106","9.854351997375488","9.854351997375488","9.854351997375488","106","106","106"
"4949","8.594588279724121","8.594588279724121","8.594588279724121","107","107","107","6.823916912078857","6.823916912078857","6.823916912078857","107","107","107","11.026422500610352","11.026422500610352","11.026422500610352","107","107","107"
"4999","3.960953950881958","3.960953950881958","3.960953950881958","108","108","108","7.334057807922363","7.334057807922363","7.334057807922363","108","108","108","9.4495210647583","9.4495210647583","9.4495210647583","108","108","108"
"5049","11.060220718383789","11.060220718383789","11.060220718383789","109","109","109","12.346510887145996","12.346510887145996","12.346510887145996","109","109","109","8.80722713470459","8.80722713470459","8.80722713470459","109","109","109"
"5099","8.183036804199219","8.183036804199219","8.183036804199219","110","110","110","8.766676902770996","8.766676902770996","8.766676902770996","110","110","110","7.6215739250183105","7.6215739250183105","7.6215739250183105","110","110","110"
"5149","10.89156723022461","10.89156723022461","10.89156723022461","111","111","111","10.316502571105957","10.316502571105957","10.316502571105957","111","111","111","7.956197261810303","7.956197261810303","7.956197261810303","111","111","111"
"5199","8.496391296386719","8.496391296386719","8.496391296386719","112","112","112","12.220945358276367","12.220945358276367","12.220945358276367","112","112","112","8.866649627685547","8.866649627685547","8.866649627685547","112","112","112"
"5249","9.535812377929688","9.535812377929688","9.535812377929688","113","113","113","7.539114475250244","7.539114475250244","7.539114475250244","113","113","113","7.856853485107422","7.856853485107422","7.856853485107422","113","113","113"
"5299","6.523864269256592","6.523864269256592","6.523864269256592","114","114","114","7.529266357421875","7.529266357421875","7.529266357421875","114","114","114","8.737272262573242","8.737272262573242","8.737272262573242","114","114","114"
"5349","9.746038436889648","9.746038436889648","9.746038436889648","115","115","115","7.351927280426025","7.351927280426025","7.351927280426025","115","115","115","8.303705215454102","8.303705215454102","8.303705215454102","115","115","115"
"5399","8.06718635559082","8.06718635559082","8.06718635559082","116","116","116","11.004645347595215","11.004645347595215","11.004645347595215","116","116","116","7.966155529022217","7.966155529022217","7.966155529022217","116","116","116"
"5449","6.7583184242248535","6.7583184242248535","6.7583184242248535","117","117","117","8.816556930541992","8.816556930541992","8.816556930541992","117","117","117","8.753785133361816","8.753785133361816","8.753785133361816","117","117","117"
"5499","8.540679931640625","8.540679931640625","8.540679931640625","118","118","118","7.2136030197143555","7.2136030197143555","7.2136030197143555","118","118","118","9.179348945617676","9.179348945617676","9.179348945617676","118","118","118"
"5549","9.787555694580078","9.787555694580078","9.787555694580078","119","119","119","8.476347923278809","8.476347923278809","8.476347923278809","119","119","119","9.182291030883789","9.182291030883789","9.182291030883789","119","119","119"
"5599","11.696121215820312","11.696121215820312","11.696121215820312","120","120","120","7.956948280334473","7.956948280334473","7.956948280334473","120","120","120","7.691070079803467","7.691070079803467","7.691070079803467","120","120","120"
"5649","8.84384822845459","8.84384822845459","8.84384822845459","121","121","121","8.24040699005127","8.24040699005127","8.24040699005127","121","121","121","7.896033763885498","7.896033763885498","7.896033763885498","121","121","121"
"5699","7.4523820877075195","7.4523820877075195","7.4523820877075195","122","122","122","6.992123126983643","6.992123126983643","6.992123126983643","122","122","122","9.590721130371094","9.590721130371094","9.590721130371094","122","122","122"
"5749","5.546337127685547","5.546337127685547","5.546337127685547","123","123","123","12.078282356262207","12.078282356262207","12.078282356262207","123","123","123","11.943456649780273","11.943456649780273","11.943456649780273","123","123","123"
"5799","6.936476230621338","6.936476230621338","6.936476230621338","124","124","124","10.890010833740234","10.890010833740234","10.890010833740234","124","124","124","9.774565696716309","9.774565696716309","9.774565696716309","124","124","124"
"5849","4.492002010345459","4.492002010345459","4.492002010345459","125","125","125","13.246269226074219","13.246269226074219","13.246269226074219","125","125","125","7.696002006530762","7.696002006530762","7.696002006530762","125","125","125"
"5899","11.95338249206543","11.95338249206543","11.95338249206543","126","126","126","9.65121078491211","9.65121078491211","9.65121078491211","126","126","126","7.866880893707275","7.866880893707275","7.866880893707275","126","126","126"
"5949","7.370046615600586","7.370046615600586","7.370046615600586","127","127","127","6.677917003631592","6.677917003631592","6.677917003631592","127","127","127","9.333630561828613","9.333630561828613","9.333630561828613","127","127","127"
"5999","6.702028274536133","6.702028274536133","6.702028274536133","133","133","133","6.501498222351074","3.915005683898926","9.087990760803223","166.5","133","200","9.820663452148438","9.820663452148438","9.820663452148438","133","133","133"
"6049","4.829378128051758","4.829378128051758","4.829378128051758","134","134","134","9.069786310195923","7.548685550689697","10.590887069702148","167.5","134","201","6.685634613037109","6.685634613037109","6.685634613037109","134","134","134"
"6099","12.10853099822998","12.10853099822998","12.10853099822998","135","135","135","6.152112007141113","5.633227825164795","6.670996189117432","168.5","135","202","8.016270637512207","8.016270637512207","8.016270637512207","135","135","135"
"6149","10.198688507080078","10.198688507080078","10.198688507080078","136","136","136","9.661111831665039","9.02435302734375","10.297870635986328","169.5","136","203","6.06772518157959","6.06772518157959","6.06772518157959","136","136","136"
"6199","6.002690315246582","6.002690315246582","6.002690315246582","137","137","137","8.494412422180176","8.429389953613281","8.55943489074707","170.5","137","204","11.666353225708008","11.666353225708008","11.666353225708008","137","137","137"
"6249","5.98736572265625","5.98736572265625","5.98736572265625","138","138","138","7.285307884216309","6.233273506164551","8.337342262268066","171.5","138","205","10.28392219543457","10.28392219543457","10.28392219543457","138","138","138"
"6299","8.468960762023926","8.468960762023926","8.468960762023926","139","139","139","8.414079189300537","7.952051162719727","8.876107215881348","172.5","139","206","7.9337568283081055","7.9337568283081055","7.9337568283081055","139","139","139"
"6349","5.50600004196167","5.50600004196167","5.50600004196167","140","140","140","10.433403015136719","9.77071762084961","11.096088409423828","173.5","140","207","7.4120073318481445","7.4120073318481445","7.4120073318481445","140","140","140"
"6399","10.2993803024292","10.2993803024292","10.2993803024292","141","141","141","11.033765316009521","10.899381637573242","11.1681489944458","174.5","141","208","8.652786254882812","8.652786254882812","8.652786254882812","141","141","141"
"6449","5.993178367614746","5.993178367614746","5.993178367614746","142","142","142","9.336065530776978","7.70431661605835","10.967814445495605","175.5","142","209","9.431628227233887","9.431628227233887","9.431628227233887","142","142","142"
"6499","7.308802604675293","7.308802604675293","7.308802604675293","143","143","143","7.823171377182007","6.75689172744751","8.889451026916504","176.5","143","210","9.004050254821777","9.004050254821777","9.004050254821777","143","143","143"
"6549","7.074036598205566","7.074036598205566","7.074036598205566","144","144","144","8.050727844238281","7.385114669799805","8.716341018676758","177.5","144","211","8.931975364685059","8.931975364685059","8.931975364685059","144","144","144"
"6599","7.883577823638916","7.883577823638916","7.883577823638916","145","145","145","7.370419979095459","7.197399139404297","7.543440818786621","178.5","145","212","7.691634654998779","7.691634654998779","7.691634654998779","145","145","145"
"6649","10.51714038848877","10.51714038848877","10.51714038848877","146","146","146","9.83698844909668","8.227493286132812","11.446483612060547","179.5","146","213","11.062824249267578","11.062824249267578","11.062824249267578","146","146","146"
"6699","8.485038757324219","8.485038757324219","8.485038757324219","147","147","147","5.283569693565369","2.9931094646453857","7.574029922485352","180.5","147","214","11.905057907104492","11.905057907104492","11.905057907104492","147","147","147"
"6749","9.210051536560059","9.210051536560059","9.210051536560059","148","148","148","8.751320123672485","5.696958065032959","11.805682182312012","181.5","148","215","12.679316520690918","12.679316520690918","12.679316520690918","148","148","148"
"6799","9.615687370300293","9.615687370300293","9.615687370300293","149","149","149","7.712030410766602","6.291130065917969","9.132930755615234","182.5","149","216","6.4313645362854","6.4313645362854","6.4313645362854","149","149","149"
"6849","7.975283145904541","7.975283145904541","7.975283145904541","150","150","150","6.885307788848877","6.682417392730713","7.088198184967041","183.5","150","217","7.211301326751709","7.211301326751709","7.211301326751709","150","150","150"
"6899","9.389457702636719","9.389457702636719","9.389457702636719","151","151","151","8.450747013092041","8.440011024475098","8.461483001708984","184.5","151","218","8.57025146484375","8.57025146484375","8.57025146484375","151","151","151"
"6949","8.71100902557373","8.71100902557373","8.71100902557373","152","152","152","8.514957189559937","6.76542329788208","10.264491081237793","185.5","152","219","10.920251846313477","10.920251846313477","10.920251846313477","152","152","152"
"6999","6.843207359313965","6.843207359313965","6.843207359313965","153","153","153","9.25194501876831","8.721562385559082","9.782327651977539","186.5","153","220","10.532441139221191","10.532441139221191","10.532441139221191","153","153","153"
"7049","4.421635627746582","4.421635627746582","4.421635627746582","154","154","154","11.368086338043213","8.540915489196777","14.195257186889648","187.5","154","221","7.540621757507324","7.540621757507324","7.540621757507324","154","154","154"
"7099","8.460833549499512","8.460833549499512","8.460833549499512","155","155","155","10.271499156951904","8.305335998535156","12.237662315368652","188.5","155","222","8.657668113708496","8.657668113708496","8.657668113708496","155","155","155"
"7149","11.30045223236084","11.30045223236084","11.30045223236084","156","156","156","9.338473081588745","6.212769031524658","12.464177131652832","189.5","156","223","4.8951263427734375","4.8951263427734375","4.8951263427734375","156","156","156"
"7199","12.038251876831055","12.038251876831055","12.038251876831055","157","157","157","7.264811992645264","7.176739692687988","7.352884292602539","190.5","157","224","9.986712455749512","9.986712455749512","9.986712455749512","157","157","157"
"7249","8.907470703125","8.907470703125","8.907470703125","158","158","158","8.605619192123413","7.7507147789001465","9.46052360534668","191.5","158","225","10.760147094726562","10.760147094726562","10.760147094726562","158","158","158"
"7299","9.889968872070312","9.889968872070312","9.889968872070312","159","159","159","8.148473501205444","7.011013507843018","9.285933494567871","192.5","159","226","9.760910987854004","9.760910987854004","9.760910987854004","159","159","159"
"7349","7.584493160247803","7.584493160247803","7.584493160247803","160","160","160","8.00377893447876","6.75886344909668","9.24869441986084","193.5","160","227","8.197759628295898","8.197759628295898","8.197759628295898","160","160","160"
"7399","6.318525791168213","6.318525791168213","6.318525791168213","161","161","161","11.651000022888184","10.267452239990234","13.034547805786133","194.5","161","228","8.457402229309082","8.457402229309082","8.457402229309082","161","161","161"
"7449","11.097150802612305","11.097150802612305","11.097150802612305","162","162","162","6.054546356201172","5.698319435119629","6.410773277282715","195.5","162","229","8.717394828796387","8.717394828796387","8.717394828796387","162","162","162"
"7499","6.894630432128906","6.894630432128906","6.894630432128906","163","163","163","7.169992923736572","5.973250389099121","8.366735458374023","196.5","163","230","8.383060455322266","8.383060455322266","8.383060455322266","163","163","163"
"7549","8.639374732971191","8.639374732971191","8.639374732971191","164","164","164","7.718344449996948","6.736477375030518","8.700211524963379","197.5","164","231","14.525976181030273","14.525976181030273","14.525976181030273","164","164","164"
"7599","10.503960609436035","10.503960609436035","10.503960609436035","165","165","165","8.581855297088623","8.412135124206543","8.751575469970703","198.5","165","232","7.382352352142334","7.382352352142334","7.382352352142334","165","165","165"
"7649","8.663057327270508","8.663057327270508","8.663057327270508","166","166","166","7.9666852951049805","5.798895835876465","10.134474754333496","199.5","166","233","14.521844863891602","14.521844863891602","14.521844863891602","166","166","166"
"7699","8.542601585388184","8.542601585388184","8.542601585388184","167","167","167","10.268445491790771","9.126931190490723","11.40995979309082","200.5","167","234","8.643068313598633","8.643068313598633","8.643068313598633","167","167","167"
"7749","9.533181190490723","9.533181190490723","9.533181190490723","168","168","168","6.75117826461792","4.422407150268555","9.079949378967285","201.5","168","235","9.484983444213867","9.484983444213867","9.484983444213867","168","168","168"
"7799","9.775129318237305","9.775129318237305","9.775129318237305","169","169","169","9.530829906463623","8.4238862991333","10.637773513793945","202.5","169","236","13.189679145812988","13.189679145812988","13.189679145812988","169","169","169"
"7849","6.243283748626709","6.243283748626709","6.243283748626709","170","170","170","6.316483020782471","6.093074798583984","6.539891242980957","203.5","170","237","7.702023506164551","7.702023506164551","7.702023506164551","170","170","170"
"7899","6.450821399688721","6.450821399688721","6.450821399688721","171","171","171","8.146071672439575","7.7794508934021","8.51269245147705","204.5","171","238","8.641112327575684","8.641112327575684","8.641112327575684","171","171","171"
"7949","7.440010070800781","7.440010070800781","7.440010070800781","172","172","172","5.406216144561768","4.1341071128845215","6.678325176239014","205.5","172","239","10.719508171081543","10.719508171081543","10.719508171081543","172","172","172"
"7999","7.660205364227295","7.660205364227295","7.660205364227295","173","173","173","8.186145544052124","6.470444202423096","9.901846885681152","206.5","173","240","8.245735168457031","8.245735168457031","8.245735168457031","173","173","173"
"8049","7.641655921936035","7.641655921936035","7.641655921936035","174","174","174","9.695221424102783","8.462769508361816","10.92767333984375","207.5","174","241","12.167987823486328","12.167987823486328","12.167987823486328","174","174","174"
"8099","6.945122718811035","6.945122718811035","6.945122718811035","175","175","175","7.9174041748046875","6.885567665100098","8.949240684509277","208.5","175","242","5.357550621032715","5.357550621032715","5.357550621032715","175","175","175"
"8149","8.233181953430176","8.233181953430176","8.233181953430176","176","176","176","8.771601676940918","8.508506774902344","9.034696578979492","209.5","176","243","7.776017189025879","7.776017189025879","7.776017189025879","176","176","176"
"8199","7.9977216720581055","7.9977216720581055","7.9977216720581055","177","177","177","7.298841714859009","7.214441776275635","7.383241653442383","210.5","177","244","7.746777057647705","7.746777057647705","7.746777057647705","177","177","177"
"8249","3.7291970252990723","3.7291970252990723","3.7291970252990723","178","178","178","8.207677602767944","6.270534038543701","10.144821166992188","211.5","178","245","9.024713516235352","9.024713516235352","9.024713516235352","178","178","178"
"8299","9.146743774414062","9.146743774414062","9.146743774414062","179","179","179","7.720607280731201","6.423683166503906","9.017531394958496","212.5","179","246","8.675251007080078","8.675251007080078","8.675251007080078","179","179","179"
"8349","7.590030670166016","7.590030670166016","7.590030670166016","180","180","180","9.307037353515625","8.222003936767578","10.392070770263672","213.5","180","247","8.202226638793945","8.202226638793945","8.202226638793945","180","180","180"
"8399","5.541362285614014","5.541362285614014","5.541362285614014","181","181","181","9.590394973754883","8.738752365112305","10.442037582397461","214.5","181","248","11.698538780212402","11.698538780212402","11.698538780212402","181","181","181"
"8449","10.19627571105957","10.19627571105957","10.19627571105957","182","182","182","6.306482791900635","6.0453081130981445","6.567657470703125","215.5","182","249","10.420825958251953","10.420825958251953","10.420825958251953","182","182","182"
"8499","8.643072128295898","8.643072128295898","8.643072128295898","183","183","183","8.158861875534058","7.659169673919678","8.658554077148438","216.5","183","250","3.6000113487243652","3.6000113487243652","3.6000113487243652","183","183","183"
"8549","10.181532859802246","10.181532859802246","10.181532859802246","184","184","184","9.601099491119385","7.402922630310059","11.799276351928711","217.5","184","251","6.4864020347595215","6.4864020347595215","6.4864020347595215","184","184","184"
"8599","8.864356994628906","8.864356994628906","8.864356994628906","185","185","185","7.698285341262817","7.58691930770874","7.8096513748168945","218.5","185","252","6.977710247039795","6.977710247039795","6.977710247039795","185","185","185"
"8649","6.4359846115112305","6.4359846115112305","6.4359846115112305","186","186","186","10.332552909851074","7.676067352294922","12.989038467407227","219.5","186","253","4.64592170715332","4.64592170715332","4.64592170715332","186","186","186"
"8699","10.049955368041992","10.049955368041992","10.049955368041992","187","187","187","7.987384796142578","6.263043403625488","9.711726188659668","220.5","187","254","6.678197860717773","6.678197860717773","6.678197860717773","187","187","187"
"8749","7.229491233825684","7.229491233825684","7.229491233825684","188","188","188","8.781606912612915","7.682192325592041","9.881021499633789","221.5","188","255","10.565177917480469","10.565177917480469","10.565177917480469","188","188","188"
"8799","2.3974311351776123","2.3974311351776123","2.3974311351776123","189","189","189","10.06309700012207","9.66722297668457","10.45897102355957","222.5","189","256","7.674700736999512","7.674700736999512","7.674700736999512","189","189","189"
"8849","7.2867255210876465","7.2867255210876465","7.2867255210876465","190","190","190","8.226287722587585","3.303499937057495","13.149075508117676","223.5","190","257","9.25475025177002","9.25475025177002","9.25475025177002","190","190","190"
"8899","11.022783279418945","11.022783279418945","11.022783279418945","191","191","191","8.84899353981018","6.347261905670166","11.350725173950195","224.5","191","258","8.109353065490723","8.109353065490723","8.109353065490723","191","191","191"
"8949","9.262676239013672","9.262676239013672","9.262676239013672","197","197","197","8.966102600097656","8.966102600097656","8.966102600097656","264","264","264","6.668676376342773","6.668676376342773","6.668676376342773","197","197","197"
"8999","6.616544723510742","6.616544723510742","6.616544723510742","198","198","198","7.474035739898682","7.474035739898682","7.474035739898682","265","265","265","7.114060878753662","7.114060878753662","7.114060878753662","198","198","198"
"9049","9.351266860961914","9.351266860961914","9.351266860961914","199","199","199","7.699404239654541","7.699404239654541","7.699404239654541","266","266","266","11.971729278564453","11.971729278564453","11.971729278564453","199","199","199"
"9099","4.981956958770752","4.981956958770752","4.981956958770752","200","200","200","9.461681365966797","9.461681365966797","9.461681365966797","267","267","267","9.542144775390625","9.542144775390625","9.542144775390625","200","200","200"
"9149","7.828537940979004","7.828537940979004","7.828537940979004","201","201","201","5.410519599914551","5.410519599914551","5.410519599914551","268","268","268","11.172004699707031","11.172004699707031","11.172004699707031","201","201","201"
"9199","11.086893081665039","11.086893081665039","11.086893081665039","202","202","202","8.342315673828125","8.342315673828125","8.342315673828125","269","269","269","8.474579811096191","8.474579811096191","8.474579811096191","202","202","202"
"9249","9.313703536987305","9.313703536987305","9.313703536987305","203","203","203","3.407531499862671","3.407531499862671","3.407531499862671","270","270","270","9.788768768310547","9.788768768310547","9.788768768310547","203","203","203"
"9299","6.305544853210449","6.305544853210449","6.305544853210449","204","204","204","9.291864395141602","9.291864395141602","9.291864395141602","271","271","271","6.209157943725586","6.209157943725586","6.209157943725586","204","204","204"
"9349","8.279430389404297","8.279430389404297","8.279430389404297","205","205","205","8.176281929016113","8.176281929016113","8.176281929016113","272","272","272","7.773143291473389","7.773143291473389","7.773143291473389","205","205","205"
"9399","7.240677356719971","7.240677356719971","7.240677356719971","206","206","206","5.615143775939941","5.615143775939941","5.615143775939941","273","273","273","7.971829414367676","7.971829414367676","7.971829414367676","206","206","206"
"9449","8.341445922851562","8.341445922851562","8.341445922851562","207","207","207","6.923365116119385","6.923365116119385","6.923365116119385","274","274","274","6.257294178009033","6.257294178009033","6.257294178009033","207","207","207"
"9499","7.637533187866211","7.637533187866211","7.637533187866211","208","208","208","9.689464569091797","9.689464569091797","9.689464569091797","275","275","275","9.70462417602539","9.70462417602539","9.70462417602539","208","208","208"
"9549","8.041518211364746","8.041518211364746","8.041518211364746","209","209","209","8.610283851623535","8.610283851623535","8.610283851623535","276","276","276","8.453472137451172","8.453472137451172","8.453472137451172","209","209","209"
"9599","6.230673789978027","6.230673789978027","6.230673789978027","210","210","210","9.573908805847168","9.573908805847168","9.573908805847168","277","277","277","8.622221946716309","8.622221946716309","8.622221946716309","210","210","210"
"9649","9.940640449523926","9.940640449523926","9.940640449523926","211","211","211","5.386357307434082","5.386357307434082","5.386357307434082","278","278","278","8.860757827758789","8.860757827758789","8.860757827758789","211","211","211"
"9699","4.8460469245910645","4.8460469245910645","4.8460469245910645","212","212","212","10.427031517028809","10.427031517028809","10.427031517028809","279","279","279","7.803339958190918","7.803339958190918","7.803339958190918","212","212","212"
"9749","10.91390323638916","10.91390323638916","10.91390323638916","213","213","213","9.255317687988281","9.255317687988281","9.255317687988281","280","280","280","12.54891586303711","12.54891586303711","12.54891586303711","213","213","213"
"9799","9.339980125427246","9.339980125427246","9.339980125427246","214","214","214","5.9955291748046875","5.9955291748046875","5.9955291748046875","281","281","281","7.590292453765869","7.590292453765869","7.590292453765869","214","214","214"
"9849","6.543684959411621","6.543684959411621","6.543684959411621","215","215","215","10.097938537597656","10.097938537597656","10.097938537597656","282","282","282","9.8189697265625","9.8189697265625","9.8189697265625","215","215","215"
"9899","7.491240978240967","7.491240978240967","7.491240978240967","216","216","216","9.074152946472168","9.074152946472168","9.074152946472168","283","283","283","10.202553749084473","10.202553749084473","10.202553749084473","216","216","216"
"9949","3.142505645751953","3.142505645751953","3.142505645751953","217","217","217","7.598188877105713","7.598188877105713","7.598188877105713","284","284","284","8.354220390319824","8.354220390319824","8.354220390319824","217","217","217"
"9999","9.698762893676758","9.698762893676758","9.698762893676758","218","218","218","7.143903732299805","7.143903732299805","7.143903732299805","285","285","285","7.718194961547852","7.718194961547852","7.718194961547852","218","218","218"
"10049","6.516904830932617","6.516904830932617","6.516904830932617","219","219","219","7.007906436920166","7.007906436920166","7.007906436920166","286","286","286","8.562322616577148","8.562322616577148","8.562322616577148","219","219","219"
"10099","5.18235445022583","5.18235445022583","5.18235445022583","220","220","220","11.103496551513672","11.103496551513672","11.103496551513672","287","287","287","9.369970321655273","9.369970321655273","9.369970321655273","220","220","220"
"10149","7.040774822235107","7.040774822235107","7.040774822235107","221","221","221","9.268917083740234","9.268917083740234","9.268917083740234","288","288","288","7.235552787780762","7.235552787780762","7.235552787780762","221","221","221"
"10199","9.071725845336914","9.071725845336914","9.071725845336914","222","222","222","5.232228755950928","5.232228755950928","5.232228755950928","289","289","289","6.5397844314575195","6.5397844314575195","6.5397844314575195","222","222","222"
"10249","7.854289531707764","7.854289531707764","7.854289531707764","223","223","223","5.44624137878418","5.44624137878418","5.44624137878418","290","290","290","8.22833251953125","8.22833251953125","8.22833251953125","223","223","223"
"10299","8.04456901550293","8.04456901550293","8.04456901550293","224","224","224","6.476588249206543","6.476588249206543","6.476588249206543","291","291","291","10.522575378417969","10.522575378417969","10.522575378417969","224","224","224"
"10349","12.74579906463623","12.74579906463623","12.74579906463623","225","225","225","10.463103294372559","10.463103294372559","10.463103294372559","292","292","292","6.941152095794678","6.941152095794678","6.941152095794678","225","225","225"
"10399","9.420353889465332","9.420353889465332","9.420353889465332","226","226","226","6.480241298675537","6.480241298675537","6.480241298675537","293","293","293","11.64172649383545","11.64172649383545","11.64172649383545","226","226","226"
"10449","9.10470962524414","9.10470962524414","9.10470962524414","227","227","227","11.032934188842773","11.032934188842773","11.032934188842773","294","294","294","9.299028396606445","9.299028396606445","9.299028396606445","227","227","227"
"10499","11.383787155151367","11.383787155151367","11.383787155151367","228","228","228","10.066244125366211","10.066244125366211","10.066244125366211","295","295","295","10.1848726272583","10.1848726272583","10.1848726272583","228","228","228"
"10549","6.3184428215026855","6.3184428215026855","6.3184428215026855","229","229","229","10.142093658447266","10.142093658447266","10.142093658447266","296","296","296","6.182074069976807","6.182074069976807","6.182074069976807","229","229","229"
"10599","7.133509635925293","7.133509635925293","7.133509635925293","230","230","230","8.614174842834473","8.614174842834473","8.614174842834473","297","297","297","8.198319435119629","8.198319435119629","8.198319435119629","230","230","230"
"10649","8.033899307250977","8.033899307250977","8.033899307250977","231","231","231","7.027595520019531","7.027595520019531","7.027595520019531","298","298","298","10.267559051513672","10.267559051513672","10.267559051513672","231","231","231"
"10699","8.03973388671875","8.03973388671875","8.03973388671875","232","232","232","8.679264068603516","8.679264068603516","8.679264068603516","299","299","299","9.502371788024902","9.502371788024902","9.502371788024902","232","232","232"
"10749","7.9357123374938965","7.9357123374938965","7.9357123374938965","233","233","233","7.977179527282715","7.977179527282715","7.977179527282715","300","300","300","9.847370147705078","9.847370147705078","9.847370147705078","233","233","233"
"10799","10.140031814575195","10.140031814575195","10.140031814575195","234","234","234","10.760330200195312","10.760330200195312","10.760330200195312","301","301","301","8.419407844543457","8.419407844543457","8.419407844543457","234","234","234"
"10849","11.434776306152344","11.434776306152344","11.434776306152344","235","235","235","5.7157769203186035","5.7157769203186035","5.7157769203186035","302","302","302","10.665929794311523","10.665929794311523","10.665929794311523","235","235","235"
"10899","7.9580078125","7.9580078125","7.9580078125","236","236","236","6.795853614807129","6.795853614807129","6.795853614807129","303","303","303","6.3252387046813965","6.3252387046813965","6.3252387046813965","236","236","236"
"10949","4.252646446228027","4.252646446228027","4.252646446228027","237","237","237","6.512537956237793","6.512537956237793","6.512537956237793","304","304","304","9.801112174987793","9.801112174987793","9.801112174987793","237","237","237"
"10999","8.604439735412598","8.604439735412598","8.604439735412598","238","238","238","8.531169891357422","8.531169891357422","8.531169891357422","305","305","305","7.455235958099365","7.455235958099365","7.455235958099365","238","238","238"
"11049","9.005393981933594","9.005393981933594","9.005393981933594","239","239","239","6.341578006744385","6.341578006744385","6.341578006744385","306","306","306","9.885269165039062","9.885269165039062","9.885269165039062","239","239","239"
"11099","7.521973133087158","7.521973133087158","7.521973133087158","240","240","240","9.116189002990723","9.116189002990723","9.116189002990723","307","307","307","11.680439949035645","11.680439949035645","11.680439949035645","240","240","240"
"11149","7.575137615203857","7.575137615203857","7.575137615203857","241","241","241","7.624087333679199","7.624087333679199","7.624087333679199","308","308","308","10.371933937072754","10.371933937072754","10.371933937072754","241","241","241"
"11199","8.236089706420898","8.236089706420898","8.236089706420898","242","242","242","4.892392635345459","4.892392635345459","4.892392635345459","309","309","309","4.980310916900635","4.980310916900635","4.980310916900635","242","242","242"
"11249","8.380866050720215","8.380866050720215","8.380866050720215","243","243","243","6.347714424133301","6.347714424133301","6.347714424133301","310","310","310","10.497236251831055","10.497236251831055","10.497236251831055","243","243","243"
"11299","6.42203950881958","6.42203950881958","6.42203950881958","244","244","244","10.660758972167969","10.660758972167969","10.660758972167969","311","311","311","5.817885398864746","5.817885398864746","5.817885398864746","244","244","244"
"11349","9.169659614562988","9.169659614562988","9.169659614562988","245","245","245","8.642698287963867","8.642698287963867","8.642698287963867","312","312","312","13.257205963134766","13.257205963134766","13.257205963134766","245","245","245"
"11399","6.747535705566406","6.747535705566406","6.747535705566406","246","246","246","3.738304376602173","3.738304376602173","3.738304376602173","313","313","313","9.615299224853516","9.615299224853516","9.615299224853516","246","246","246"
"11449","4.594958305358887","4.594958305358887","4.594958305358887","247","247","247","12.40897274017334","12.40897274017334","12.40897274017334","314","314","314","7.9290876388549805","7.9290876388549805","7.9290876388549805","247","247","247"
"11499","6.861080169677734","6.861080169677734","6.861080169677734","248","248","248","8.001386642456055","8.001386642456055","8.001386642456055","315","315","315","7.2535319328308105","7.2535319328308105","7.2535319328308105","248","248","248"
"11549","4.354572772979736","4.354572772979736","4.354572772979736","249","249","249","5.652946949005127","5.652946949005127","5.652946949005127","316","316","316","6.977450847625732","6.977450847625732","6.977450847625732","249","249","249"
"11599","4.62424373626709","4.62424373626709","4.62424373626709","250","250","250","3.7248382568359375","3.7248382568359375","3.7248382568359375","317","317","317","10.716263771057129","10.716263771057129","10.716263771057129","250","250","250"
"11649","8.407769203186035","8.407769203186035","8.407769203186035","251","251","251","7.698240756988525","7.698240756988525","7.698240756988525","318","318","318","6.7453813552856445","6.7453813552856445","6.7453813552856445","251","251","251"
"11699","5.568165302276611","5.568165302276611","5.568165302276611","252","252","252","6.476629257202148","6.476629257202148","6.476629257202148","319","319","319","10.12224006652832","10.12224006652832","10.12224006652832","252","252","252"
"11749","6.6324567794799805","6.6324567794799805","6.6324567794799805","253","253","253","8.39831256866455","8.39831256866455","8.39831256866455","320","320","320","5.359317779541016","5.359317779541016","5.359317779541016","253","253","253"
"11799","4.238661766052246","4.238661766052246","4.238661766052246","254","254","254","11.134803771972656","11.134803771972656","11.134803771972656","321","321","321","10.797720909118652","10.797720909118652","10.797720909118652","254","254","254"
"11849","8.536348342895508","8.536348342895508","8.536348342895508","255","255","255","6.011253356933594","6.011253356933594","6.011253356933594","322","322","322","6.843970775604248","6.843970775604248","6.843970775604248","255","255","255"
"11899","4.086994647979736","4.086994647979736","4.086994647979736","256","256","256","17.22408103942871","17.22408103942871","17.22408103942871","323","323","323","8.03221321105957","8.03221321105957","8.03221321105957","256","256","256"
"11949","5.378263473510742","5.378263473510742","5.378263473510742","262","262","262","9.01760482788086","9.01760482788086","9.01760482788086","329","329","329","13.807855606079102","13.807855606079102","13.807855606079102","262","262","262"
"11999","8.339792251586914","8.339792251586914","8.339792251586914","263","263","263","13.669231414794922","13.669231414794922","13.669231414794922","330","330","330","11.759950637817383","11.759950637817383","11.759950637817383","263","263","263"
"12049","4.590602874755859","4.590602874755859","4.590602874755859","264","264","264","6.929205417633057","6.929205417633057","6.929205417633057","331","331","331","5.687344551086426","5.687344551086426","5.687344551086426","264","264","264"
"12099","4.594648361206055","4.594648361206055","4.594648361206055","265","265","265","6.932921886444092","6.932921886444092","6.932921886444092","332","332","332","10.260847091674805","10.260847091674805","10.260847091674805","265","265","265"
"12149","6.679534435272217","6.679534435272217","6.679534435272217","266","266","266","6.984764099121094","6.984764099121094","6.984764099121094","333","333","333","9.29198169708252","9.29198169708252","9.29198169708252","266","266","266"
"12199","7.888923645019531","7.888923645019531","7.888923645019531","267","267","267","8.248244285583496","8.248244285583496","8.248244285583496","334","334","334","6.8389153480529785","6.8389153480529785","6.8389153480529785","267","267","267"
"12249","8.645837783813477","8.645837783813477","8.645837783813477","268","268","268","6.4251389503479","6.4251389503479","6.4251389503479","335","335","335","13.241464614868164","13.241464614868164","13.241464614868164","268","268","268"
"12299","8.147805213928223","8.147805213928223","8.147805213928223","269","269","269","13.163907051086426","13.163907051086426","13.163907051086426","336","336","336","5.47382116317749","5.47382116317749","5.47382116317749","269","269","269"
"12349","6.694307804107666","6.694307804107666","6.694307804107666","270","270","270","8.193159103393555","8.193159103393555","8.193159103393555","337","337","337","8.607074737548828","8.607074737548828","8.607074737548828","270","270","270"
"12399","9.381977081298828","9.381977081298828","9.381977081298828","271","271","271","9.356595039367676","9.356595039367676","9.356595039367676","338","338","338","15.021496772766113","15.021496772766113","15.021496772766113","271","271","271"
"12449","5.360522270202637","5.360522270202637","5.360522270202637","272","272","272","8.031067848205566","8.031067848205566","8.031067848205566","339","339","339","9.31521224975586","9.31521224975586","9.31521224975586","272","272","272"
"12499","6.662791728973389","6.662791728973389","6.662791728973389","273","273","273","7.129985332489014","7.129985332489014","7.129985332489014","340","340","340","11.385438919067383","11.385438919067383","11.385438919067383","273","273","273"
"12549","8.433694839477539","8.433694839477539","8.433694839477539","274","274","274","10.678108215332031","10.678108215332031","10.678108215332031","341","341","341","8.48045825958252","8.48045825958252","8.48045825958252","274","274","274"
"12599","9.892561912536621","9.892561912536621","9.892561912536621","275","275","275","10.777307510375977","10.777307510375977","10.777307510375977","342","342","342","5.811975002288818","5.811975002288818","5.811975002288818","275","275","275"
"12649","5.254420280456543","5.254420280456543","5.254420280456543","276","276","276","7.539538860321045","7.539538860321045","7.539538860321045","343","343","343","11.641009330749512","11.641009330749512","11.641009330749512","276","276","276"
"12699","8.855789184570312","8.855789184570312","8.855789184570312","277","277","277","6.152740955352783","6.152740955352783","6.152740955352783","344","344","344","10.087958335876465","10.087958335876465","10.087958335876465","277","277","277"
"12749","11.335328102111816","11.335328102111816","11.335328102111816","278","278","278","6.332291126251221","6.332291126251221","6.332291126251221","345","345","345","8.84714412689209","8.84714412689209","8.84714412689209","278","278","278"
"12799","6.960819244384766","6.960819244384766","6.960819244384766","279","279","279","7.737334728240967","7.737334728240967","7.737334728240967","346","346","346","8.996806144714355","8.996806144714355","8.996806144714355","279","279","279"
"12849","6.1293439865112305","6.1293439865112305","6.1293439865112305","280","280","280","4.76935338973999","4.76935338973999","4.76935338973999","347","347","347","11.356772422790527","11.356772422790527","11.356772422790527","280","280","280"
"12899","10.4354248046875","10.4354248046875","10.4354248046875","281","281","281","6.507535934448242","6.507535934448242","6.507535934448242","348","348","348","6.365408897399902","6.365408897399902","6.365408897399902","281","281","281"
"12949","9.85420036315918","9.85420036315918","9.85420036315918","282","282","282","5.958889961242676","5.958889961242676","5.958889961242676","349","349","349","5.893570899963379","5.893570899963379","5.893570899963379","282","282","282"
"12999","6.082375526428223","6.082375526428223","6.082375526428223","283","283","283","7.014974594116211","7.014974594116211","7.014974594116211","350","350","350","7.645081520080566","7.645081520080566","7.645081520080566","283","283","283"
"13049","6.073392391204834","6.073392391204834","6.073392391204834","284","284","284","11.060979843139648","11.060979843139648","11.060979843139648","351","351","351","7.231349945068359","7.231349945068359","7.231349945068359","284","284","284"
"13099","7.031387805938721","7.031387805938721","7.031387805938721","285","285","285","5.644359111785889","5.644359111785889","5.644359111785889","352","352","352","7.749457359313965","7.749457359313965","7.749457359313965","285","285","285"
"13149","12.664514541625977","12.664514541625977","12.664514541625977","286","286","286","10.926862716674805","10.926862716674805","10.926862716674805","353","353","353","9.980279922485352","9.980279922485352","9.980279922485352","286","286","286"
"13199","6.110963821411133","6.110963821411133","6.110963821411133","287","287","287","5.446722030639648","5.446722030639648","5.446722030639648","354","354","354","5.287696361541748","5.287696361541748","5.287696361541748","287","287","287"
"13249","5.849945068359375","5.849945068359375","5.849945068359375","288","288","288","8.044012069702148","8.044012069702148","8.044012069702148","355","355","355","9.542936325073242","9.542936325073242","9.542936325073242","288","288","288"
"13299","7.698937892913818","7.698937892913818","7.698937892913818","289","289","289","3.9258415699005127","3.9258415699005127","3.9258415699005127","356","356","356","11.516034126281738","11.516034126281738","11.516034126281738","289","289","289"
"13349","10.361520767211914","10.361520767211914","10.361520767211914","290","290","290","8.199479103088379","8.199479103088379","8.199479103088379","357","357","357","10.735983848571777","10.735983848571777","10.735983848571777","290","290","290"
"13399","8.706989288330078","8.706989288330078","8.706989288330078","291","291","291","9.551761627197266","9.551761627197266","9.551761627197266","358","358","358","11.239288330078125","11.239288330078125","11.239288330078125","291","291","291"
"13449","4.66938591003418","4.66938591003418","4.66938591003418","292","292","292","6.293303489685059","6.293303489685059","6.293303489685059","359","359","359","8.516018867492676","8.516018867492676","8.516018867492676","292","292","292"
"13499","3.363675355911255","3.363675355911255","3.363675355911255","293","293","293","6.862356662750244","6.862356662750244","6.862356662750244","360","360","360","7.794865131378174","7.794865131378174","7.794865131378174","293","293","293"
"13549","6.56357479095459","6.56357479095459","6.56357479095459","294","294","294","10.618617057800293","10.618617057800293","10.618617057800293","361","361","361","7.264584541320801","7.264584541320801","7.264584541320801","294","294","294"
"13599","11.01424789428711","11.01424789428711","11.01424789428711","295","295","295","6.91661262512207","6.91661262512207","6.91661262512207","362","362","362","7.743415832519531","7.743415832519531","7.743415832519531","295","295","295"
"13649","10.505592346191406","10.505592346191406","10.505592346191406","296","296","296","8.206549644470215","8.206549644470215","8.206549644470215","363","363","363","10.988105773925781","10.988105773925781","10.988105773925781","296","296","296"
"13699","7.718997955322266","7.718997955322266","7.718997955322266","297","297","297","9.066316604614258","9.066316604614258","9.066316604614258","364","364","364","11.65063190460205","11.65063190460205","11.65063190460205","297","297","297"
"13749","2.7104575634002686","2.7104575634002686","2.7104575634002686","298","298","298","7.070489883422852","7.070489883422852","7.070489883422852","365","365","365","7.7254319190979","7.7254319190979","7.7254319190979","298","298","298"
"13799","9.560111045837402","9.560111045837402","9.560111045837402","299","299","299","14.545308113098145","14.545308113098145","14.545308113098145","366","366","366","8.033700942993164","8.033700942993164","8.033700942993164","299","299","299"
"13849","6.265559673309326","6.265559673309326","6.265559673309326","300","300","300","13.06285572052002","13.06285572052002","13.06285572052002","367","367","367","9.74079704284668","9.74079704284668","9.74079704284668","300","300","300"
"13899","7.294378757476807","7.294378757476807","7.294378757476807","301","301","301","5.275008678436279","5.275008678436279","5.275008678436279","368","368","368","8.330751419067383","8.330751419067383","8.330751419067383","301","301","301"
"13949","8.407228469848633","8.407228469848633","8.407228469848633","302","302","302","8.197555541992188","8.197555541992188","8.197555541992188","369","369","369","11.428786277770996","11.428786277770996","11.428786277770996","302","302","302"
"13999","9.189658164978027","9.189658164978027","9.189658164978027","303","303","303","7.531866073608398","7.531866073608398","7.531866073608398","370","370","370","4.571142673492432","4.571142673492432","4.571142673492432","303","303","303"
"14049","9.055635452270508","9.055635452270508","9.055635452270508","304","304","304","5.75748348236084","5.75748348236084","5.75748348236084","371","371","371","8.901464462280273","8.901464462280273","8.901464462280273","304","304","304"
"14099","9.545717239379883","9.545717239379883","9.545717239379883","305","305","305","6.328781604766846","6.328781604766846","6.328781604766846","372","372","372","10.399699211120605","10.399699211120605","10.399699211120605","305","305","305"
"14149","6.524820327758789","6.524820327758789","6.524820327758789","306","306","306","12.80366325378418","12.80366325378418","12.80366325378418","373","373","373","9.006143569946289","9.006143569946289","9.006143569946289","306","306","306"
"14199","9.579789161682129","9.579789161682129","9.579789161682129","307","307","307","9.164957046508789","9.164957046508789","9.164957046508789","374","374","374","12.338595390319824","12.338595390319824","12.338595390319824","307","307","307"
"14249","8.619845390319824","8.619845390319824","8.619845390319824","308","308","308","6.4937357902526855","6.4937357902526855","6.4937357902526855","375","375","375","7.259261131286621","7.259261131286621","7.259261131286621","308","308","308"
"14299","6.777059555053711","6.777059555053711","6.777059555053711","309","309","309","10.176884651184082","10.176884651184082","10.176884651184082","376","376","376","12.242534637451172","12.242534637451172","12.242534637451172","309","309","309"
"14349","6.856856346130371","6.856856346130371","6.856856346130371","310","310","310","4.809482097625732","4.809482097625732","4.809482097625732","377","377","377","7.883357048034668","7.883357048034668","7.883357048034668","310","310","310"
"14399","6.363302707672119","6.363302707672119","6.363302707672119","311","311","311","6.274716854095459","6.274716854095459","6.274716854095459","378","378","378","5.718949794769287","5.718949794769287","5.718949794769287","311","311","311"
"14449","6.735332012176514","6.735332012176514","6.735332012176514","312","312","312","7.585917949676514","7.585917949676514","7.585917949676514","379","379","379","8.183377265930176","8.183377265930176","8.183377265930176","312","312","312"
"14499","8.444314956665039","8.444314956665039","8.444314956665039","313","313","313","11.700963020324707","11.700963020324707","11.700963020324707","380","380","380","12.503341674804688","12.503341674804688","12.503341674804688","313","313","313"
"14549","8.373445510864258","8.373445510864258","8.373445510864258","314","314","314","7.945748805999756","7.945748805999756","7.945748805999756","381","381","381","10.416406631469727","10.416406631469727","10.416406631469727","314","314","314"
"14599","9.746733665466309","9.746733665466309","9.746733665466309","315","315","315","11.41193675994873","11.41193675994873","11.41193675994873","382","382","382","8.698650360107422","8.698650360107422","8.698650360107422","315","315","315"
"14649","5.670975208282471","5.670975208282471","5.670975208282471","316","316","316","9.372648239135742","9.372648239135742","9.372648239135742","383","383","383","12.4704008102417","12.4704008102417","12.4704008102417","316","316","316"
"14699","12.31298542022705","12.31298542022705","12.31298542022705","317","317","317","5.958695888519287","5.958695888519287","5.958695888519287","384","384","384","12.657793998718262","12.657793998718262","12.657793998718262","317","317","317"
"14749","10.847222328186035","10.847222328186035","10.847222328186035","318","318","318","6.751511096954346","6.751511096954346","6.751511096954346","385","385","385","5.392643451690674","5.392643451690674","5.392643451690674","318","318","318"
"14799","12.14145278930664","12.14145278930664","12.14145278930664","319","319","319","6.115068435668945","6.115068435668945","6.115068435668945","386","386","386","8.513387680053711","8.513387680053711","8.513387680053711","319","319","319"
"14849","10.970830917358398","10.970830917358398","10.970830917358398","320","320","320","7.665353775024414","7.665353775024414","7.665353775024414","387","387","387","6.368521690368652","6.368521690368652","6.368521690368652","320","320","320"
"14899","8.361737251281738","8.361737251281738","8.361737251281738","326","326","326","8.52332878112793","8.52332878112793","8.52332878112793","393","393","393","7.035053253173828","7.035053253173828","7.035053253173828","326","326","326"
"14949","7.1538310050964355","7.1538310050964355","7.1538310050964355","327","327","327","6.395087718963623","6.395087718963623","6.395087718963623","394","394","394","7.873018264770508","7.873018264770508","7.873018264770508","327","327","327"
"14999","9.266693115234375","9.266693115234375","9.266693115234375","328","328","328","3.2152717113494873","3.2152717113494873","3.2152717113494873","395","395","395","6.72589635848999","6.72589635848999","6.72589635848999","328","328","328"
"15049","8.194080352783203","8.194080352783203","8.194080352783203","329","329","329","7.6542887687683105","7.6542887687683105","7.6542887687683105","396","396","396","7.880032539367676","7.880032539367676","7.880032539367676","329","329","329"
"15099","6.515866279602051","6.515866279602051","6.515866279602051","330","330","330","3.4095849990844727","3.4095849990844727","3.4095849990844727","397","397","397","8.812129974365234","8.812129974365234","8.812129974365234","330","330","330"
"15149","5.593273162841797","5.593273162841797","5.593273162841797","331","331","331","10.331256866455078","10.331256866455078","10.331256866455078","398","398","398","5.623079299926758","5.623079299926758","5.623079299926758","331","331","331"
"15199","9.360729217529297","9.360729217529297","9.360729217529297","332","332","332","6.209807395935059","6.209807395935059","6.209807395935059","399","399","399","16.862567901611328","16.862567901611328","16.862567901611328","332","332","332"
"15249","8.62597942352295","8.62597942352295","8.62597942352295","333","333","333","7.475612163543701","7.475612163543701","7.475612163543701","400","400","400","6.3579607009887695","6.3579607009887695","6.3579607009887695","333","333","333"
"15299","7.929038047790527","7.929038047790527","7.929038047790527","334","334","334","8.937515258789062","8.937515258789062","8.937515258789062","401","401","401","5.177144527435303","5.177144527435303","5.177144527435303","334","334","334"
"15349","8.46526050567627","8.46526050567627","8.46526050567627","335","335","335","5.213557243347168","5.213557243347168","5.213557243347168","402","402","402","11.640822410583496","11.640822410583496","11.640822410583496","335","335","335"
"15399","2.6392104625701904","2.6392104625701904","2.6392104625701904","336","336","336","8.959606170654297","8.959606170654297","8.959606170654297","403","403","403","6.84196662902832","6.84196662902832","6.84196662902832","336","336","336"
"15449","10.101720809936523","10.101720809936523","10.101720809936523","337","337","337","10.003303527832031","10.003303527832031","10.003303527832031","404","404","404","8.254158973693848","8.254158973693848","8.254158973693848","337","337","337"
"15499","6.336286544799805","6.336286544799805","6.336286544799805","338","338","338","6.27052640914917","6.27052640914917","6.27052640914917","405","405","405","8.84147834777832","8.84147834777832","8.84147834777832","338","338","338"
"15549","4.826226711273193","4.826226711273193","4.826226711273193","339","339","339","9.489013671875","9.489013671875","9.489013671875","406","406","406","9.082305908203125","9.082305908203125","9.082305908203125","339","339","339"
"15599","6.977504253387451","6.977504253387451","6.977504253387451","340","340","340","7.9352545738220215","7.9352545738220215","7.9352545738220215","407","407","407","7.034700393676758","7.034700393676758","7.034700393676758","340","340","340"
"15649","9.206768035888672","9.206768035888672","9.206768035888672","341","341","341","5.709625720977783","5.709625720977783","5.709625720977783","408","408","408","7.378350257873535","7.378350257873535","7.378350257873535","341","341","341"
"15699","5.777286052703857","5.777286052703857","5.777286052703857","342","342","342","5.561206340789795","5.561206340789795","5.561206340789795","409","409","409","7.441470623016357","7.441470623016357","7.441470623016357","342","342","342"
"15749","7.96343469619751","7.96343469619751","7.96343469619751","343","343","343","7.690621852874756","7.690621852874756","7.690621852874756","410","410","410","9.770369529724121","9.770369529724121","9.770369529724121","343","343","343"
"15799","7.156925201416016","7.156925201416016","7.156925201416016","344","344","344","4.05333948135376","4.05333948135376","4.05333948135376","411","411","411","6.508184909820557","6.508184909820557","6.508184909820557","344","344","344"
"15849","8.547131538391113","8.547131538391113","8.547131538391113","345","345","345","9.805094718933105","9.805094718933105","9.805094718933105","412","412","412","11.406830787658691","11.406830787658691","11.406830787658691","345","345","345"
"15899","9.00700569152832","9.00700569152832","9.00700569152832","346","346","346","6.8303961753845215","6.8303961753845215","6.8303961753845215","413","413","413","9.0754976272583","9.0754976272583","9.0754976272583","346","346","346"
"15949","5.294371128082275","5.294371128082275","5.294371128082275","347","347","347","10.314722061157227","10.314722061157227","10.314722061157227","414","414","414","13.345743179321289","13.345743179321289","13.345743179321289","347","347","347"
"15999","8.361715316772461","8.361715316772461","8.361715316772461","348","348","348","7.6464972496032715","7.6464972496032715","7.6464972496032715","415","415","415","7.99381685256958","7.99381685256958","7.99381685256958","348","348","348"
"16049","8.2926664352417","8.2926664352417","8.2926664352417","349","349","349","4.157254219055176","4.157254219055176","4.157254219055176","416","416","416","7.467881679534912","7.467881679534912","7.467881679534912","349","349","349"
"16099","7.292390823364258","7.292390823364258","7.292390823364258","350","350","350","8.100276947021484","8.100276947021484","8.100276947021484","417","417","417","11.606338500976562","11.606338500976562","11.606338500976562","350","350","350"
"16149","6.388772964477539","6.388772964477539","6.388772964477539","351","351","351","7.4955878257751465","7.4955878257751465","7.4955878257751465","418","418","418","12.411188125610352","12.411188125610352","12.411188125610352","351","351","351"
"16199","7.177535057067871","7.177535057067871","7.177535057067871","352","352","352","10.813982009887695","10.813982009887695","10.813982009887695","419","419","419","8.175935745239258","8.175935745239258","8.175935745239258","352","352","352"
"16249","11.65938663482666","11.65938663482666","11.65938663482666","353","353","353","7.759129047393799","7.759129047393799","7.759129047393799","420","420","420","8.430074691772461","8.430074691772461","8.430074691772461","353","353","353"
"16299","8.840314865112305","8.840314865112305","8.840314865112305","354","354","354","9.248022079467773","9.248022079467773","9.248022079467773","421","421","421","7.039158821105957","7.039158821105957","7.039158821105957","354","354","354"
"16349","8.156155586242676","8.156155586242676","8.156155586242676","355","355","355","10.86747932434082","10.86747932434082","10.86747932434082","422","422","422","8.532465934753418","8.532465934753418","8.532465934753418","355","355","355"
"16399","7.1573286056518555","7.1573286056518555","7.1573286056518555","356","356","356","9.734795570373535","9.734795570373535","9.734795570373535","423","423","423","11.24439811706543","11.24439811706543","11.24439811706543","356","356","356"
"16449","9.573487281799316","9.573487281799316","9.573487281799316","357","357","357","7.868062973022461","7.868062973022461","7.868062973022461","424","424","424","8.224543571472168","8.224543571472168","8.224543571472168","357","357","357"
"16499","5.109428882598877","5.109428882598877","5.109428882598877","358","358","358","9.411806106567383","9.411806106567383","9.411806106567383","425","425","425","9.27422046661377","9.27422046661377","9.27422046661377","358","358","358"
"16549","11.15449333190918","11.15449333190918","11.15449333190918","359","359","359","6.827493667602539","6.827493667602539","6.827493667602539","426","426","426","6.211035251617432","6.211035251617432","6.211035251617432","359","359","359"
"16599","7.049625873565674","7.049625873565674","7.049625873565674","360","360","360","7.730642795562744","7.730642795562744","7.730642795562744","427","427","427","6.2794671058654785","6.2794671058654785","6.2794671058654785","360","360","360"
"16649","11.516688346862793","11.516688346862793","11.516688346862793","361","361","361","7.782010555267334","7.782010555267334","7.782010555267334","428","428","428","9.486966133117676","9.486966133117676","9.486966133117676","361","361","361"
"16699","9.232778549194336","9.232778549194336","9.232778549194336","362","362","362","8.31283950805664","8.31283950805664","8.31283950805664","429","429","429","7.914083003997803","7.914083003997803","7.914083003997803","362","362","362"
"16749","5.60176944732666","5.60176944732666","5.60176944732666","363","363","363","8.329080581665039","8.329080581665039","8.329080581665039","430","430","430","5.670188903808594","5.670188903808594","5.670188903808594","363","363","363"
"16799","11.695449829101562","11.695449829101562","11.695449829101562","364","364","364","5.787826061248779","5.787826061248779","5.787826061248779","431","431","431","6.194069862365723","6.194069862365723","6.194069862365723","364","364","364"
"16849","3.870168924331665","3.870168924331665","3.870168924331665","365","365","365","6.044845104217529","6.044845104217529","6.044845104217529","432","432","432","7.908984661102295","7.908984661102295","7.908984661102295","365","365","365"
"16899","7.453847408294678","7.453847408294678","7.453847408294678","366","366","366","11.837471008300781","11.837471008300781","11.837471008300781","433","433","433","11.981842041015625","11.981842041015625","11.981842041015625","366","366","366"
"16949","4.274111270904541","4.274111270904541","4.274111270904541","367","367","367","9.666926383972168","9.666926383972168","9.666926383972168","434","434","434","9.766131401062012","9.766131401062012","9.766131401062012","367","367","367"
"16999","4.816699028015137","4.816699028015137","4.816699028015137","368","368","368","5.893138885498047","5.893138885498047","5.893138885498047","435","435","435","9.755086898803711","9.755086898803711","9.755086898803711","368","368","368"
"17049","5.366019248962402","5.366019248962402","5.366019248962402","369","369","369","5.567061901092529","5.567061901092529","5.567061901092529","436","436","436","9.83430004119873","9.83430004119873","9.83430004119873","369","369","369"
"17099","5.300687313079834","5.300687313079834","5.300687313079834","370","370","370","11.80114459991455","11.80114459991455","11.80114459991455","437","437","437","7.178070545196533","7.178070545196533","7.178070545196533","370","370","370"
"17149","5.514981746673584","5.514981746673584","5.514981746673584","371","371","371","7.330032825469971","7.330032825469971","7.330032825469971","438","438","438","7.076588153839111","7.076588153839111","7.076588153839111","371","371","371"
"17199","5.181253910064697","5.181253910064697","5.181253910064697","372","372","372","8.857620239257812","8.857620239257812","8.857620239257812","439","439","439","10.361689567565918","10.361689567565918","10.361689567565918","372","372","372"
"17249","5.23068380355835","5.23068380355835","5.23068380355835","373","373","373","6.603148460388184","6.603148460388184","6.603148460388184","440","440","440","6.112064361572266","6.112064361572266","6.112064361572266","373","373","373"
"17299","10.028897285461426","10.028897285461426","10.028897285461426","374","374","374","10.920151710510254","10.920151710510254","10.920151710510254","441","441","441","6.179860591888428","6.179860591888428","6.179860591888428","374","374","374"
"17349","8.496406555175781","8.496406555175781","8.496406555175781","375","375","375","8.875486373901367","8.875486373901367","8.875486373901367","442","442","442","4.644129276275635","4.644129276275635","4.644129276275635","375","375","375"
"17399","6.298961162567139","6.298961162567139","6.298961162567139","376","376","376","7.140232563018799","7.140232563018799","7.140232563018799","443","443","443","6.25437068939209","6.25437068939209","6.25437068939209","376","376","376"
"17449","5.884470462799072","5.884470462799072","5.884470462799072","377","377","377","6.802402019500732","6.802402019500732","6.802402019500732","444","444","444","8.183748245239258","8.183748245239258","8.183748245239258","377","377","377"
"17499","12.599184036254883","12.599184036254883","12.599184036254883","378","378","378","8.536840438842773","8.536840438842773","8.536840438842773","445","445","445","5.991277694702148","5.991277694702148","5.991277694702148","378","378","378"
"17549","4.162878036499023","4.162878036499023","4.162878036499023","379","379","379","8.320696830749512","8.320696830749512","8.320696830749512","446","446","446","11.135331153869629","11.135331153869629","11.135331153869629","379","379","379"
"17599","8.082831382751465","8.082831382751465","8.082831382751465","380","380","380","8.939342498779297","8.939342498779297","8.939342498779297","447","447","447","10.575626373291016","10.575626373291016","10.575626373291016","380","380","380"
"17649","8.283429145812988","8.283429145812988","8.283429145812988","381","381","381","7.599600315093994","7.599600315093994","7.599600315093994","448","448","448","6.2675395011901855","6.2675395011901855","6.2675395011901855","381","381","381"
"17699","9.249532699584961","9.249532699584961","9.249532699584961","382","382","382","7.809178829193115","7.809178829193115","7.809178829193115","449","449","449","7.455428123474121","7.455428123474121","7.455428123474121","382","382","382"
"17749","11.397234916687012","11.397234916687012","11.397234916687012","383","383","383","8.839398384094238","8.839398384094238","8.839398384094238","450","450","450","5.10964822769165","5.10964822769165","5.10964822769165","383","383","383"
"17799","7.574972629547119","7.574972629547119","7.574972629547119","384","384","384","6.96138858795166","6.96138858795166","6.96138858795166","451","451","451","12.346970558166504","12.346970558166504","12.346970558166504","384","384","384"
"17849","6.666893005371094","6.666893005371094","6.666893005371094","385","385","385","6.266439914703369","6.266439914703369","6.266439914703369","452","452","452","10.929534912109375","10.929534912109375","10.929534912109375","385","385","385"
"17899","6.986952781677246","6.986952781677246","6.986952781677246","391","391","391","12.835302352905273","12.835302352905273","12.835302352905273","458","458","458","7.587845802307129","7.587845802307129","7.587845802307129","391","391","391"
"17949","4.530473709106445","4.530473709106445","4.530473709106445","392","392","392","5.079044342041016","5.079044342041016","5.079044342041016","459","459","459","6.8641510009765625","6.8641510009765625","6.8641510009765625","392","392","392"
"17999","8.114275932312012","8.114275932312012","8.114275932312012","393","393","393","8.34924602508545","8.34924602508545","8.34924602508545","460","460","460","5.294272422790527","5.294272422790527","5.294272422790527","393","393","393"
"18049","8.733598709106445","8.733598709106445","8.733598709106445","394","394","394","9.723031044006348","9.723031044006348","9.723031044006348","461","461","461","12.032876968383789","12.032876968383789","12.032876968383789","394","394","394"
"18099","5.373841285705566","5.373841285705566","5.373841285705566","395","395","395","5.940305709838867","5.940305709838867","5.940305709838867","462","462","462","10.065926551818848","10.065926551818848","10.065926551818848","395","395","395"
"18149","10.467388153076172","10.467388153076172","10.467388153076172","396","396","396","8.652844429016113","8.652844429016113","8.652844429016113","463","463","463","8.829597473144531","8.829597473144531","8.829597473144531","396","396","396"
"18199","9.35426139831543","9.35426139831543","9.35426139831543","397","397","397","11.628262519836426","11.628262519836426","11.628262519836426","464","464","464","11.484928131103516","11.484928131103516","11.484928131103516","397","397","397"
"18249","5.974090576171875","5.974090576171875","5.974090576171875","398","398","398","10.827840805053711","10.827840805053711","10.827840805053711","465","465","465","6.612478733062744","6.612478733062744","6.612478733062744","398","398","398"
"18299","6.946935653686523","6.946935653686523","6.946935653686523","399","399","399","12.362014770507812","12.362014770507812","12.362014770507812","466","466","466","4.482093811035156","4.482093811035156","4.482093811035156","399","399","399"
"18349","6.3028435707092285","6.3028435707092285","6.3028435707092285","400","400","400","7.015630722045898","7.015630722045898","7.015630722045898","467","467","467","12.991954803466797","12.991954803466797","12.991954803466797","400","400","400"
"18399","5.162643909454346","5.162643909454346","5.162643909454346","401","401","401","7.9246826171875","7.9246826171875","7.9246826171875","468","468","468","7.645566940307617","7.645566940307617","7.645566940307617","401","401","401"
"18449","7.2208147048950195","7.2208147048950195","7.2208147048950195","402","402","402","9.335771560668945","9.335771560668945","9.335771560668945","469","469","469","5.957355499267578","5.957355499267578","5.957355499267578","402","402","402"
"18499","10.908321380615234","10.908321380615234","10.908321380615234","403","403","403","5.506791591644287","5.506791591644287","5.506791591644287","470","470","470","7.461681365966797","7.461681365966797","7.461681365966797","403","403","403"
"18549","8.2228422164917","8.2228422164917","8.2228422164917","404","404","404","4.642055034637451","4.642055034637451","4.642055034637451","471","471","471","9.780820846557617","9.780820846557617","9.780820846557617","404","404","404"
"18599","3.9444594383239746","3.9444594383239746","3.9444594383239746","405","405","405","7.374111175537109","7.374111175537109","7.374111175537109","472","472","472","11.215621948242188","11.215621948242188","11.215621948242188","405","405","405"
"18649","10.237955093383789","10.237955093383789","10.237955093383789","406","406","406","6.152253150939941","6.152253150939941","6.152253150939941","473","473","473","10.122161865234375","10.122161865234375","10.122161865234375","406","406","406"
"18699","11.573125839233398","11.573125839233398","11.573125839233398","407","407","407","8.402071952819824","8.402071952819824","8.402071952819824","474","474","474","6.062155246734619","6.062155246734619","6.062155246734619","407","407","407"
"18749","9.038070678710938","9.038070678710938","9.038070678710938","408","408","408","6.1073503494262695","6.1073503494262695","6.1073503494262695","475","475","475","5.486057758331299","5.486057758331299","5.486057758331299","408","408","408"
"18799","8.123567581176758","8.123567581176758","8.123567581176758","409","409","409","8.62303352355957","8.62303352355957","8.62303352355957","476","476","476","11.308584213256836","11.308584213256836","11.308584213256836","409","409","409"
"18849","7.304250240325928","7.304250240325928","7.304250240325928","410","410","410","4.57991886138916","4.57991886138916","4.57991886138916","477","477","477","5.868115425109863","5.868115425109863","5.868115425109863","410","410","410"
"18899","8.456393241882324","8.456393241882324","8.456393241882324","411","411","411","4.299861907958984","4.299861907958984","4.299861907958984","478","478","478","5.45502233505249","5.45502233505249","5.45502233505249","411","411","411"
"18949","4.321308612823486","4.321308612823486","4.321308612823486","412","412","412","9.385146141052246","9.385146141052246","9.385146141052246","479","479","479","13.333137512207031","13.333137512207031","13.333137512207031","412","412","412"
"18999","8.508153915405273","8.508153915405273","8.508153915405273","413","413","413","8.808782577514648","8.808782577514648","8.808782577514648","480","480","480","9.136666297912598","9.136666297912598","9.136666297912598","413","413","413"
"19049","8.75865650177002","8.75865650177002","8.75865650177002","414","414","414","6.654088973999023","6.654088973999023","6.654088973999023","481","481","481","9.490005493164062","9.490005493164062","9.490005493164062","414","414","414"
"19099","9.444807052612305","9.444807052612305","9.444807052612305","415","415","415","6.793892860412598","6.793892860412598","6.793892860412598","482","482","482","8.186519622802734","8.186519622802734","8.186519622802734","415","415","415"
"19149","6.391010284423828","6.391010284423828","6.391010284423828","416","416","416","4.5464019775390625","4.5464019775390625","4.5464019775390625","483","483","483","10.51503849029541","10.51503849029541","10.51503849029541","416","416","416"
"19199","8.584527015686035","8.584527015686035","8.584527015686035","417","417","417","6.8440022468566895","6.8440022468566895","6.8440022468566895","484","484","484","6.625418186187744","6.625418186187744","6.625418186187744","417","417","417"
"19249","6.043391704559326","6.043391704559326","6.043391704559326","418","418","418","5.443477630615234","5.443477630615234","5.443477630615234","485","485","485","6.70142936706543","6.70142936706543","6.70142936706543","418","418","418"
"19299","11.622138023376465","11.622138023376465","11.622138023376465","419","419","419","6.9365129470825195","6.9365129470825195","6.9365129470825195","486","486","486","7.754646301269531","7.754646301269531","7.754646301269531","419","419","419"
"19349","5.72372579574585","5.72372579574585","5.72372579574585","420","420","420","7.070328712463379","7.070328712463379","7.070328712463379","487","487","487","10.045475006103516","10.045475006103516","10.045475006103516","420","420","420"
"19399","5.54608154296875","5.54608154296875","5.54608154296875","421","421","421","7.126698017120361","7.126698017120361","7.126698017120361","488","488","488","10.171210289001465","10.171210289001465","10.171210289001465","421","421","421"
"19449","6.280139923095703","6.280139923095703","6.280139923095703","422","422","422","8.363799095153809","8.363799095153809","8.363799095153809","489","489","489","8.068902015686035","8.068902015686035","8.068902015686035","422","422","422"
"19499","7.594676494598389","7.594676494598389","7.594676494598389","423","423","423","10.22877311706543","10.22877311706543","10.22877311706543","490","490","490","9.656840324401855","9.656840324401855","9.656840324401855","423","423","423"
"19549","9.343229293823242","9.343229293823242","9.343229293823242","424","424","424","6.272698402404785","6.272698402404785","6.272698402404785","491","491","491","7.483033180236816","7.483033180236816","7.483033180236816","424","424","424"
"19599","10.205808639526367","10.205808639526367","10.205808639526367","425","425","425","8.243853569030762","8.243853569030762","8.243853569030762","492","492","492","5.8253254890441895","5.8253254890441895","5.8253254890441895","425","425","425"
"19649","10.46044635772705","10.46044635772705","10.46044635772705","426","426","426","10.380389213562012","10.380389213562012","10.380389213562012","493","493","493","7.460594654083252","7.460594654083252","7.460594654083252","426","426","426"
"19699","6.006017684936523","6.006017684936523","6.006017684936523","427","427","427","9.627965927124023","9.627965927124023","9.627965927124023","494","494","494","6.940606594085693","6.940606594085693","6.940606594085693","427","427","427"
"19749","8.32475757598877","8.32475757598877","8.32475757598877","428","428","428","6.290167331695557","6.290167331695557","6.290167331695557","495","495","495","6.6637444496154785","6.6637444496154785","6.6637444496154785","428","428","428"
"19799","7.285628795623779","7.285628795623779","7.285628795623779","429","429","429","6.590734004974365","6.590734004974365","6.590734004974365","496","496","496","8.468026161193848","8.468026161193848","8.468026161193848","429","429","429"
"19849","6.241424083709717","6.241424083709717","6.241424083709717","430","430","430","8.771615982055664","8.771615982055664","8.771615982055664","497","497","497","10.355341911315918","10.355341911315918","10.355341911315918","430","430","430"
"19899","6.931144714355469","6.931144714355469","6.931144714355469","431","431","431","4.218456268310547","4.218456268310547","4.218456268310547","498","498","498","6.194543838500977","6.194543838500977","6.194543838500977","431","431","431"
"19949","5.877175331115723","5.877175331115723","5.877175331115723","432","432","432","7.314939975738525","7.314939975738525","7.314939975738525","499","499","499","6.577220439910889","6.577220439910889","6.577220439910889","432","432","432"
"19999","9.380149841308594","9.380149841308594","9.380149841308594","433","433","433","8.542967796325684","8.542967796325684","8.542967796325684","500","500","500","9.018468856811523","9.018468856811523","9.018468856811523","433","433","433"
"20049","7.973684787750244","7.973684787750244","7.973684787750244","434","434","434","5.356389045715332","5.356389045715332","5.356389045715332","501","501","501","11.782527923583984","11.782527923583984","11.782527923583984","434","434","434"
"20099","7.6020989418029785","7.6020989418029785","7.6020989418029785","435","435","435","6.479964256286621","6.479964256286621","6.479964256286621","502","502","502","6.5152482986450195","6.5152482986450195","6.5152482986450195","435","435","435"
"20149","6.9011454582214355","6.9011454582214355","6.9011454582214355","436","436","436","4.12118673324585","4.12118673324585","4.12118673324585","503","503","503","7.516025543212891","7.516025543212891","7.516025543212891","436","436","436"
"20199","7.475398063659668","7.475398063659668","7.475398063659668","437","437","437","6.759333610534668","6.759333610534668","6.759333610534668","504","504","504","5.541886806488037","5.541886806488037","5.541886806488037","437","437","437"
"20249","5.104856014251709","5.104856014251709","5.104856014251709","438","438","438","7.06453275680542","7.06453275680542","7.06453275680542","505","505","505","11.834256172180176","11.834256172180176","11.834256172180176","438","438","438"
"20299","9.002022743225098","9.002022743225098","9.002022743225098","439","439","439","12.507963180541992","12.507963180541992","12.507963180541992","506","506","506","5.535438537597656","5.535438537597656","5.535438537597656","439","439","439"
"20349","6.267795562744141","6.267795562744141","6.267795562744141","440","440","440","9.179564476013184","9.179564476013184","9.179564476013184","507","507","507","5.096965312957764","5.096965312957764","5.096965312957764","440","440","440"
"20399","7.07029390335083","7.07029390335083","7.07029390335083","441","441","441","8.61827278137207","8.61827278137207","8.61827278137207","508","508","508","7.098085403442383","7.098085403442383","7.098085403442383","441","441","441"
"20449","10.530572891235352","10.530572891235352","10.530572891235352","442","442","442","10.253055572509766","10.253055572509766","10.253055572509766","509","509","509","11.23366641998291","11.23366641998291","11.23366641998291","442","442","442"
"20499","8.84048843383789","8.84048843383789","8.84048843383789","443","443","443","7.949023246765137","7.949023246765137","7.949023246765137","510","510","510","7.611240863800049","7.611240863800049","7.611240863800049","443","443","443"
"20549","11.8357515335083","11.8357515335083","11.8357515335083","444","444","444","7.2928996086120605","7.2928996086120605","7.2928996086120605","511","511","511","5.6283135414123535","5.6283135414123535","5.6283135414123535","444","444","444"
"20599","9.991111755371094","9.991111755371094","9.991111755371094","445","445","445","9.019739151000977","9.019739151000977","9.019739151000977","512","512","512","7.201381206512451","7.201381206512451","7.201381206512451","445","445","445"
"20649","7.759464263916016","7.759464263916016","7.759464263916016","446","446","446","8.498563766479492","8.498563766479492","8.498563766479492","513","513","513","9.480005264282227","9.480005264282227","9.480005264282227","446","446","446"
"20699","5.505805015563965","5.505805015563965","5.505805015563965","447","447","447","6.725787162780762","6.725787162780762","6.725787162780762","514","514","514","8.528118133544922","8.528118133544922","8.528118133544922","447","447","447"
"20749","6.168342590332031","6.168342590332031","6.168342590332031","448","448","448","10.091987609863281","10.091987609863281","10.091987609863281","515","515","515","8.65770435333252","8.65770435333252","8.65770435333252","448","448","448"
"20799","11.349969863891602","11.349969863891602","11.349969863891602","449","449","449","8.82359790802002","8.82359790802002","8.82359790802002","516","516","516","8.171429634094238","8.171429634094238","8.171429634094238","449","449","449"
"20849","7.984945774078369","7.984945774078369","7.984945774078369","455","455","455","7.5713791847229","7.5713791847229","7.5713791847229","522","522","522","7.186862945556641","7.186862945556641","7.186862945556641","455","455","455"
"20899","9.92451286315918","9.92451286315918","9.92451286315918","456","456","456","9.24226188659668","9.24226188659668","9.24226188659668","523","523","523","9.817834854125977","9.817834854125977","9.817834854125977","456","456","456"
"20949","4.912125587463379","4.912125587463379","4.912125587463379","457","457","457","3.073763847351074","3.073763847351074","3.073763847351074","524","524","524","6.874216556549072","6.874216556549072","6.874216556549072","457","457","457"
"20999","4.506738662719727","4.506738662719727","4.506738662719727","458","458","458","6.525212287902832","6.525212287902832","6.525212287902832","525","525","525","5.974758148193359","5.974758148193359","5.974758148193359","458","458","458"
"21049","6.815483093261719","6.815483093261719","6.815483093261719","459","459","459","5.580250263214111","5.580250263214111","5.580250263214111","526","526","526","9.98632526397705","9.98632526397705","9.98632526397705","459","459","459"
"21099","9.922480583190918","9.922480583190918","9.922480583190918","460","460","460","5.587432384490967","5.587432384490967","5.587432384490967","527","527","527","8.254708290100098","8.254708290100098","8.254708290100098","460","460","460"
"21149","8.813888549804688","8.813888549804688","8.813888549804688","461","461","461","6.805967330932617","6.805967330932617","6.805967330932617","528","528","528","9.517136573791504","9.517136573791504","9.517136573791504","461","461","461"
"21199","8.752224922180176","8.752224922180176","8.752224922180176","462","462","462","5.7165350914001465","5.7165350914001465","5.7165350914001465","529","529","529","8.419381141662598","8.419381141662598","8.419381141662598","462","462","462"
"21249","6.962681770324707","6.962681770324707","6.962681770324707","463","463","463","7.653389930725098","7.653389930725098","7.653389930725098","530","530","530","8.708873748779297","8.708873748779297","8.708873748779297","463","463","463"
"21299","11.97652816772461","11.97652816772461","11.97652816772461","464","464","464","7.164466857910156","7.164466857910156","7.164466857910156","531","531","531","10.191126823425293","10.191126823425293","10.191126823425293","464","464","464"
"21349","8.004252433776855","8.004252433776855","8.004252433776855","465","465","465","5.805025577545166","5.805025577545166","5.805025577545166","532","532","532","7.909808158874512","7.909808158874512","7.909808158874512","465","465","465"
"21399","7.24663782119751","7.24663782119751","7.24663782119751","466","466","466","6.558136940002441","6.558136940002441","6.558136940002441","533","533","533","10.614617347717285","10.614617347717285","10.614617347717285","466","466","466"
"21449","7.099536895751953","7.099536895751953","7.099536895751953","467","467","467","4.579008102416992","4.579008102416992","4.579008102416992","534","534","534","10.978856086730957","10.978856086730957","10.978856086730957","467","467","467"
"21499","9.157105445861816","9.157105445861816","9.157105445861816","468","468","468","10.759721755981445","10.759721755981445","10.759721755981445","535","535","535","8.267170906066895","8.267170906066895","8.267170906066895","468","468","468"
"21549","6.243801593780518","6.243801593780518","6.243801593780518","469","469","469","5.579732418060303","5.579732418060303","5.579732418060303","536","536","536","5.770559787750244","5.770559787750244","5.770559787750244","469","469","469"
"21599","6.6282806396484375","6.6282806396484375","6.6282806396484375","470","470","470","3.194390296936035","3.194390296936035","3.194390296936035","537","537","537","11.291361808776855","11.291361808776855","11.291361808776855","470","470","470"
"21649","7.4571638107299805","7.4571638107299805","7.4571638107299805","471","471","471","8.529614448547363","8.529614448547363","8.529614448547363","538","538","538","9.321255683898926","9.321255683898926","9.321255683898926","471","471","471"
"21699","6.509121894836426","6.509121894836426","6.509121894836426","472","472","472","4.275310516357422","4.275310516357422","4.275310516357422","539","539","539","10.351694107055664","10.351694107055664","10.351694107055664","472","472","472"
"21749","12.268601417541504","12.268601417541504","12.268601417541504","473","473","473","6.856817245483398","6.856817245483398","6.856817245483398","540","540","540","6.553452014923096","6.553452014923096","6.553452014923096","473","473","473"
"21799","6.886012077331543","6.886012077331543","6.886012077331543","474","474","474","9.706290245056152","9.706290245056152","9.706290245056152","541","541","541","7.359288215637207","7.359288215637207","7.359288215637207","474","474","474"
"21849","8.230048179626465","8.230048179626465","8.230048179626465","475","475","475","8.341177940368652","8.341177940368652","8.341177940368652","542","542","542","5.897790431976318","5.897790431976318","5.897790431976318","475","475","475"
"21899","7.505240440368652","7.505240440368652","7.505240440368652","476","476","476","5.79799747467041","5.79799747467041","5.79799747467041","543","543","543","7.534844875335693","7.534844875335693","7.534844875335693","476","476","476"
"21949","6.391338348388672","6.391338348388672","6.391338348388672","477","477","477","8.270556449890137","8.270556449890137","8.270556449890137","544","544","544","7.64622163772583","7.64622163772583","7.64622163772583","477","477","477"
"21999","8.316595077514648","8.316595077514648","8.316595077514648","478","478","478","6.64531946182251","6.64531946182251","6.64531946182251","545","545","545","7.320120334625244","7.320120334625244","7.320120334625244","478","478","478"
"22049","9.511164665222168","9.511164665222168","9.511164665222168","479","479","479","9.856422424316406","9.856422424316406","9.856422424316406","546","546","546","5.362974166870117","5.362974166870117","5.362974166870117","479","479","479"
"22099","7.669922351837158","7.669922351837158","7.669922351837158","480","480","480","7.419634819030762","7.419634819030762","7.419634819030762","547","547","547","7.42888069152832","7.42888069152832","7.42888069152832","480","480","480"
"22149","10.393694877624512","10.393694877624512","10.393694877624512","481","481","481","6.826114654541016","6.826114654541016","6.826114654541016","548","548","548","7.838367462158203","7.838367462158203","7.838367462158203","481","481","481"
"22199","6.139488220214844","6.139488220214844","6.139488220214844","482","482","482","5.609086513519287","5.609086513519287","5.609086513519287","549","549","549","6.520366668701172","6.520366668701172","6.520366668701172","482","482","482"
"22249","7.712976455688477","7.712976455688477","7.712976455688477","483","483","483","9.031764030456543","9.031764030456543","9.031764030456543","550","550","550","5.270503044128418","5.270503044128418","5.270503044128418","483","483","483"
"22299","6.556950569152832","6.556950569152832","6.556950569152832","484","484","484","8.408018112182617","8.408018112182617","8.408018112182617","551","551","551","8.252567291259766","8.252567291259766","8.252567291259766","484","484","484"
"22349","6.717319488525391","6.717319488525391","6.717319488525391","485","485","485","7.199654579162598","7.199654579162598","7.199654579162598","552","552","552","13.968700408935547","13.968700408935547","13.968700408935547","485","485","485"
"22399","6.909337043762207","6.909337043762207","6.909337043762207","486","486","486","9.81404972076416","9.81404972076416","9.81404972076416","553","553","553","8.166791915893555","8.166791915893555","8.166791915893555","486","486","486"
"22449","7.148014545440674","7.148014545440674","7.148014545440674","487","487","487","4.38393497467041","4.38393497467041","4.38393497467041","554","554","554","6.9195075035095215","6.9195075035095215","6.9195075035095215","487","487","487"
"22499","7.0558929443359375","7.0558929443359375","7.0558929443359375","488","488","488","5.800291061401367","5.800291061401367","5.800291061401367","555","555","555","10.974937438964844","10.974937438964844","10.974937438964844","488","488","488"
"22549","8.955709457397461","8.955709457397461","8.955709457397461","489","489","489","7.3867621421813965","7.3867621421813965","7.3867621421813965","556","556","556","7.193644046783447","7.193644046783447","7.193644046783447","489","489","489"
"22599","6.044280529022217","6.044280529022217","6.044280529022217","490","490","490","6.0519795417785645","6.0519795417785645","6.0519795417785645","557","557","557","9.567229270935059","9.567229270935059","9.567229270935059","490","490","490"
"22649","10.806923866271973","10.806923866271973","10.806923866271973","491","491","491","8.418583869934082","8.418583869934082","8.418583869934082","558","558","558","13.849830627441406","13.849830627441406","13.849830627441406","491","491","491"
"22699","6.128274917602539","6.128274917602539","6.128274917602539","492","492","492","12.68148422241211","12.68148422241211","12.68148422241211","559","559","559","8.643070220947266","8.643070220947266","8.643070220947266","492","492","492"
"22749","10.540077209472656","10.540077209472656","10.540077209472656","493","493","493","6.833550453186035","6.833550453186035","6.833550453186035","560","560","560","5.388457298278809","5.388457298278809","5.388457298278809","493","493","493"
"22799","9.187382698059082","9.187382698059082","9.187382698059082","494","494","494","5.470203876495361","5.470203876495361","5.470203876495361","561","561","561","8.811118125915527","8.811118125915527","8.811118125915527","494","494","494"
"22849","5.665281295776367","5.665281295776367","5.665281295776367","495","495","495","6.765568733215332","6.765568733215332","6.765568733215332","562","562","562","7.605254173278809","7.605254173278809","7.605254173278809","495","495","495"
"22899","8.400582313537598","8.400582313537598","8.400582313537598","496","496","496","4.58173942565918","4.58173942565918","4.58173942565918","563","563","563","6.142481327056885","6.142481327056885","6.142481327056885","496","496","496"
"22949","4.477987289428711","4.477987289428711","4.477987289428711","497","497","497","6.432651996612549","6.432651996612549","6.432651996612549","564","564","564","14.863382339477539","14.863382339477539","14.863382339477539","497","497","497"
"22999","8.175969123840332","8.175969123840332","8.175969123840332","498","498","498","7.628013610839844","7.628013610839844","7.628013610839844","565","565","565","9.749080657958984","9.749080657958984","9.749080657958984","498","498","498"
"23049","5.7563862800598145","5.7563862800598145","5.7563862800598145","499","499","499","6.0543532371521","6.0543532371521","6.0543532371521","566","566","566","5.2110724449157715","5.2110724449157715","5.2110724449157715","499","499","499"
"23099","11.946669578552246","11.946669578552246","11.946669578552246","500","500","500","8.842270851135254","8.842270851135254","8.842270851135254","567","567","567","11.391050338745117","11.391050338745117","11.391050338745117","500","500","500"
"23149","6.454092502593994","6.454092502593994","6.454092502593994","501","501","501","6.7701497077941895","6.7701497077941895","6.7701497077941895","568","568","568","8.195671081542969","8.195671081542969","8.195671081542969","501","501","501"
"23199","10.571760177612305","10.571760177612305","10.571760177612305","502","502","502","6.100886344909668","6.100886344909668","6.100886344909668","569","569","569","6.368025302886963","6.368025302886963","6.368025302886963","502","502","502"
"23249","8.40128231048584","8.40128231048584","8.40128231048584","503","503","503","8.57252025604248","8.57252025604248","8.57252025604248","570","570","570","8.0993070602417","8.0993070602417","8.0993070602417","503","503","503"
"23299","7.997117042541504","7.997117042541504","7.997117042541504","504","504","504","8.738014221191406","8.738014221191406","8.738014221191406","571","571","571","7.668458461761475","7.668458461761475","7.668458461761475","504","504","504"
"23349","6.053396701812744","6.053396701812744","6.053396701812744","505","505","505","7.7049736976623535","7.7049736976623535","7.7049736976623535","572","572","572","9.388776779174805","9.388776779174805","9.388776779174805","505","505","505"
"23399","9.099123001098633","9.099123001098633","9.099123001098633","506","506","506","7.486748695373535","7.486748695373535","7.486748695373535","573","573","573","7.857922077178955","7.857922077178955","7.857922077178955","506","506","506"
"23449","7.544828414916992","7.544828414916992","7.544828414916992","507","507","507","8.780183792114258","8.780183792114258","8.780183792114258","574","574","574","8.844075202941895","8.844075202941895","8.844075202941895","507","507","507"
"23499","4.239969253540039","4.239969253540039","4.239969253540039","508","508","508","6.037322998046875","6.037322998046875","6.037322998046875","575","575","575","7.025969505310059","7.025969505310059","7.025969505310059","508","508","508"
"23549","10.367454528808594","10.367454528808594","10.367454528808594","509","509","509","7.719651699066162","7.719651699066162","7.719651699066162","576","576","576","10.731122970581055","10.731122970581055","10.731122970581055","509","509","509"
"23599","6.265702247619629","6.265702247619629","6.265702247619629","510","510","510","6.1730055809021","6.1730055809021","6.1730055809021","577","577","577","11.78847599029541","11.78847599029541","11.78847599029541","510","510","510"
"23649","6.195791721343994","6.195791721343994","6.195791721343994","511","511","511","5.977670192718506","5.977670192718506","5.977670192718506","578","578","578","6.923983573913574","6.923983573913574","6.923983573913574","511","511","511"
"23699","5.045477867126465","5.045477867126465","5.045477867126465","512","512","512","7.819940567016602","7.819940567016602","7.819940567016602","579","579","579","9.597848892211914","9.597848892211914","9.597848892211914","512","512","512"
"23749","5.966289520263672","5.966289520263672","5.966289520263672","513","513","513","5.628756523132324","5.628756523132324","5.628756523132324","580","580","580","8.056539535522461","8.056539535522461","8.056539535522461","513","513","513"
"23799","6.680683612823486","6.680683612823486","6.680683612823486","514","514","514","4.274757385253906","4.274757385253906","4.274757385253906","581","581","581","7.194797992706299","7.194797992706299","7.194797992706299","514","514","514"